Rk,Team,G,MP,FG,FGA,FG%,3P,3PA,3P%,2P,2PA,2P%,FT,FTA,FT%,ORB,DRB,TRB,AST,STL,BLK,TOV,PF,PTS,Season
1,Phoenix Suns*,82,240.6,40.7,82.8,.492,8.9,21.6,.412,31.8,61.2,.520,19.9,25.8,.770,11.1,31.9,43.0,23.3,5.8,5.1,14.8,20.9,110.2,2009-10
2,Golden State Warriors,82,240.6,40.6,86.5,.469,7.7,20.6,.375,32.9,65.9,.499,19.9,25.4,.782,9.2,29.2,38.4,22.4,9.3,4.1,14.7,23.0,108.8,2009-10
3,Denver Nuggets*,82,241.2,38.1,81.4,.468,6.6,18.5,.359,31.5,62.9,.500,23.6,30.6,.772,10.8,30.5,41.4,21.0,8.3,5.1,13.9,22.5,106.5,2009-10
4,Utah Jazz*,82,240.9,39.4,80.2,.491,5.4,14.7,.364,34.0,65.5,.519,20.2,27.2,.741,10.6,31.6,42.2,26.7,8.2,4.9,15.2,22.7,104.2,2009-10
5,Toronto Raptors,82,241.2,39.0,80.9,.482,6.3,17.0,.371,32.7,63.8,.512,19.7,25.8,.764,9.8,30.6,40.4,22.0,5.7,4.7,13.4,22.2,104.1,2009-10
6,Orlando Magic*,82,240.6,36.6,78.0,.470,10.3,27.3,.375,26.4,50.6,.521,19.2,26.5,.724,9.9,33.4,43.2,19.7,6.2,5.6,14.1,19.9,102.8,2009-10
7,Memphis Grizzlies,82,242.7,39.3,83.8,.469,4.2,12.4,.337,35.1,71.4,.492,19.7,26.9,.733,13.0,30.4,43.5,18.8,7.9,4.9,15.2,20.2,102.5,2009-10
8,Houston Rockets,82,242.7,37.7,84.4,.447,7.9,22.4,.351,29.9,62.0,.481,19.0,24.7,.772,11.8,30.1,42.0,21.8,7.1,3.9,14.5,20.9,102.4,2009-10
9,Cleveland Cavaliers*,82,241.2,37.8,77.9,.485,7.3,19.3,.381,30.5,58.6,.520,19.1,26.6,.720,9.6,32.8,42.5,22.4,6.9,5.2,13.9,19.4,102.1,2009-10
10,New York Knicks,82,242.4,38.1,83.9,.455,9.1,26.2,.346,29.1,57.7,.504,16.8,21.5,.782,10.2,30.2,40.4,21.6,7.1,3.7,14.0,20.0,102.1,2009-10
Rk,Team,G,MP,FG,FGA,FG%,3P,3PA,3P%,2P,2PA,2P%,FT,FTA,FT%,ORB,DRB,TRB,AST,STL,BLK,TOV,PF,PTS,2009-10
11,Dallas Mavericks*,82,242.4,38.3,82.4,.464,6.8,18.3,.372,31.5,64.2,.491,18.6,22.8,.816,10.2,31.5,41.7,23.4,7.6,5.5,12.9,19.1,102.0,2009-10
12,Los Angeles Lakers*,82,241.8,38.3,83.8,.457,6.5,19.0,.341,31.9,64.8,.492,18.5,24.2,.765,11.9,32.5,44.3,21.1,7.5,4.9,13.4,19.4,101.7,2009-10
13,Atlanta Hawks*,82,242.1,38.8,82.9,.468,6.4,17.7,.360,32.4,65.2,.497,17.7,23.3,.759,11.8,29.9,41.7,21.8,7.2,5.0,12.0,19.9,101.7,2009-10
14,Oklahoma City Thunder*,82,241.5,37.4,80.8,.462,5.1,15.0,.340,32.3,65.9,.490,21.7,27.0,.805,11.7,31.8,43.5,20.0,8.0,5.9,15.0,21.3,101.5,2009-10
15,San Antonio Spurs*,82,241.2,38.4,81.2,.473,6.8,18.9,.358,31.7,62.3,.508,17.8,24.0,.740,10.8,32.0,42.8,22.3,6.3,4.6,13.6,20.4,101.4,2009-10
16,Indiana Pacers,82,240.3,36.8,83.2,.443,8.0,23.1,.348,28.8,60.1,.479,19.1,24.6,.775,9.6,31.9,41.5,21.1,7.1,5.4,15.0,22.5,100.8,2009-10
17,New Orleans Hornets,82,241.8,38.8,83.4,.464,7.0,19.2,.363,31.8,64.3,.495,15.8,20.3,.778,10.4,29.9,40.3,22.3,7.6,3.7,13.5,19.6,100.2,2009-10
18,Sacramento Kings,82,242.4,38.3,84.1,.456,5.9,16.9,.349,32.5,67.2,.483,17.4,24.0,.726,11.9,30.7,42.6,20.5,6.9,4.5,15.0,22.3,100.0,2009-10
19,Boston Celtics*,82,241.2,37.1,76.8,.483,6.1,17.5,.348,31.0,59.3,.523,19.0,25.5,.746,8.7,29.9,38.6,23.5,8.5,4.9,14.9,22.1,99.2,2009-10
20,Minnesota Timberwolves,82,241.2,37.9,84.4,.449,4.9,14.4,.341,33.0,70.0,.471,17.5,23.5,.746,11.7,31.2,42.9,19.8,7.3,3.7,16.3,20.7,98.2,2009-10
Rk,Team,G,MP,FG,FGA,FG%,3P,3PA,3P%,2P,2PA,2P%,FT,FTA,FT%,ORB,DRB,TRB,AST,STL,BLK,TOV,PF,PTS,2009-10
21,Portland Trail Blazers*,82,242.1,36.3,78.7,.461,6.0,16.9,.354,30.3,61.8,.490,19.6,24.8,.790,11.1,29.1,40.2,20.4,6.4,4.3,12.3,20.9,98.1,2009-10
22,Milwaukee Bucks*,82,243.7,37.2,85.3,.436,7.9,22.1,.356,29.3,63.2,.464,15.4,20.4,.755,11.8,31.2,43.0,21.2,7.1,4.7,13.2,22.2,97.7,2009-10
23,Philadelphia 76ers,82,241.5,37.6,81.8,.460,5.8,16.8,.343,31.9,64.9,.491,16.7,22.0,.756,11.5,29.5,41.0,21.0,8.1,5.4,14.5,20.5,97.7,2009-10
24,Chicago Bulls*,82,242.7,37.6,83.2,.451,4.3,13.0,.330,33.3,70.2,.474,18.0,23.9,.754,11.4,33.1,44.5,20.8,6.5,5.8,14.3,20.1,97.5,2009-10
25,Miami Heat*,82,242.4,36.4,79.5,.458,6.0,17.4,.346,30.4,62.1,.489,17.7,23.5,.752,10.7,31.1,41.8,18.9,7.4,5.6,13.2,20.9,96.5,2009-10
26,Washington Wizards,82,241.8,36.7,81.7,.449,5.3,14.9,.353,31.4,66.8,.471,17.6,23.1,.762,11.8,30.0,41.8,19.0,6.0,5.1,14.9,21.4,96.2,2009-10
27,Los Angeles Clippers,82,240.3,36.6,80.5,.455,5.9,17.8,.332,30.7,62.7,.490,16.6,22.8,.730,11.3,30.5,41.8,22.1,6.5,5.7,15.7,19.3,95.7,2009-10
28,Charlotte Bobcats*,82,242.4,34.9,76.9,.453,5.6,16.2,.346,29.2,60.7,.482,20.0,26.6,.751,10.5,30.4,40.8,20.2,7.7,5.4,15.7,19.5,95.3,2009-10
29,Detroit Pistons,82,241.2,35.9,80.5,.445,4.6,14.5,.314,31.3,66.0,.474,17.7,24.4,.728,12.8,27.3,40.2,19.4,7.3,3.8,13.4,22.2,94.0,2009-10
30,New Jersey Nets,82,241.2,34.3,79.9,.429,4.6,14.5,.318,29.7,65.5,.454,19.2,24.6,.780,10.9,28.8,39.7,18.8,7.0,4.8,14.4,20.0,92.4,2009-10
1,Denver Nuggets*,82,240.3,38.4,80.6,.476,8.1,20.8,.388,30.3,59.9,.506,22.7,29.6,.765,9.6,32.3,42.0,22.1,7.4,4.3,14.1,21.0,107.5,2010-11
2,New York Knicks*,82,241.2,38.3,83.7,.457,9.3,25.4,.368,29.0,58.4,.496,20.6,25.5,.809,10.3,30.1,40.5,21.4,7.6,5.8,13.7,21.3,106.5,2010-11
3,Houston Rockets,82,242.4,38.7,85.1,.454,8.3,22.5,.367,30.4,62.6,.486,20.3,25.4,.801,11.7,31.1,42.8,23.8,7.1,4.5,13.5,20.0,105.9,2010-11
4,Phoenix Suns,82,244.0,39.3,83.5,.470,8.5,22.6,.377,30.7,60.8,.505,18.0,23.6,.759,10.0,30.2,40.2,23.7,6.6,4.4,14.3,20.3,105.0,2010-11
5,Oklahoma City Thunder*,82,244.0,37.4,80.6,.464,5.9,17.1,.347,31.5,63.5,.495,24.1,29.3,.823,11.0,31.8,42.8,20.4,8.0,5.9,14.1,22.4,104.8,2010-11
6,San Antonio Spurs*,82,241.2,38.4,80.8,.475,8.4,21.1,.397,30.0,59.8,.503,18.5,24.2,.767,10.1,31.7,41.9,22.4,7.3,4.5,13.4,19.0,103.7,2010-11
7,Golden State Warriors,82,241.8,39.6,85.9,.461,8.4,21.3,.392,31.3,64.6,.484,15.7,20.7,.761,11.6,28.9,40.5,22.5,9.0,5.0,14.6,22.0,103.4,2010-11
8,Miami Heat*,82,241.2,37.0,76.8,.481,6.7,18.0,.370,30.3,58.8,.515,21.5,27.9,.769,9.6,32.5,42.1,20.0,6.6,5.2,13.9,20.4,102.1,2010-11
9,Los Angeles Lakers*,82,241.8,38.1,82.4,.463,6.4,18.1,.352,31.8,64.3,.494,18.8,24.1,.779,12.1,31.9,44.0,22.0,7.3,5.1,13.1,19.0,101.5,2010-11
10,Minnesota Timberwolves,82,241.2,37.7,85.5,.441,7.2,19.1,.376,30.5,66.5,.459,18.5,24.1,.768,13.2,31.2,44.4,20.1,7.2,5.1,17.0,22.3,101.1,2010-11
Rk,Team,G,MP,FG,FGA,FG%,3P,3PA,3P%,2P,2PA,2P%,FT,FTA,FT%,ORB,DRB,TRB,AST,STL,BLK,TOV,PF,PTS,2010-11
11,Dallas Mavericks*,82,240.3,37.4,78.8,.475,7.9,21.6,.365,29.6,57.3,.516,17.5,22.6,.777,9.5,31.9,41.4,23.8,6.8,4.3,14.0,19.2,100.2,2010-11
12,Memphis Grizzlies*,82,242.4,39.0,82.9,.471,3.8,11.3,.334,35.3,71.6,.492,18.1,24.2,.750,11.8,29.2,41.0,20.6,9.4,5.4,14.0,20.8,99.9,2010-11
13,Indiana Pacers*,82,241.2,36.6,82.8,.442,7.1,20.2,.354,29.5,62.6,.471,19.4,24.8,.782,11.1,32.4,43.5,19.6,7.1,5.6,15.4,21.7,99.8,2010-11
14,Utah Jazz,82,242.4,37.4,80.4,.465,5.3,15.3,.346,32.1,65.0,.493,19.4,25.1,.771,11.0,28.5,39.5,23.4,7.7,5.9,14.3,22.7,99.4,2010-11
15,Sacramento Kings,82,242.1,38.2,85.1,.449,5.2,15.6,.335,33.0,69.5,.475,17.7,24.2,.734,13.1,30.8,43.9,20.4,7.4,4.8,16.1,22.0,99.4,2010-11
16,Orlando Magic*,82,241.8,36.0,78.2,.461,9.4,25.6,.366,26.7,52.5,.507,17.7,25.6,.692,10.5,32.7,43.2,20.0,6.7,4.7,14.9,20.0,99.2,2010-11
17,Toronto Raptors,82,241.2,38.3,82.4,.465,4.2,13.3,.316,34.1,69.1,.494,18.2,24.1,.755,11.7,28.6,40.3,21.9,7.1,4.3,14.7,22.0,99.1,2010-11
18,Philadelphia 76ers*,82,243.0,38.1,82.6,.461,5.4,15.2,.355,32.7,67.4,.485,17.4,22.6,.770,10.4,31.4,41.8,22.7,7.6,4.3,13.0,19.4,99.0,2010-11
19,Los Angeles Clippers,82,242.1,36.8,80.4,.457,6.3,18.5,.338,30.5,61.9,.493,18.9,26.7,.707,11.6,30.5,42.1,22.1,7.1,4.9,16.4,21.1,98.6,2010-11
20,Chicago Bulls*,82,241.8,37.1,80.3,.462,6.2,17.3,.361,30.9,63.1,.489,18.2,24.5,.743,11.8,32.4,44.2,22.3,7.2,5.7,14.2,20.0,98.6,2010-11
Rk,Team,G,MP,FG,FGA,FG%,3P,3PA,3P%,2P,2PA,2P%,FT,FTA,FT%,ORB,DRB,TRB,AST,STL,BLK,TOV,PF,PTS,2010-11
21,Washington Wizards,82,243.0,37.2,84.0,.443,4.8,14.4,.332,32.4,69.6,.465,18.2,24.4,.745,12.4,29.0,41.3,19.4,8.1,6.1,15.3,22.6,97.3,2010-11
22,Detroit Pistons,82,242.4,37.3,81.1,.460,5.8,15.3,.376,31.5,65.7,.479,16.7,22.6,.737,11.4,27.3,38.6,21.1,7.3,4.0,13.0,19.9,97.0,2010-11
23,Boston Celtics*,82,241.2,36.9,75.8,.486,5.0,13.6,.365,31.9,62.2,.513,17.8,23.1,.770,7.8,31.0,38.8,23.4,8.2,4.2,14.6,20.5,96.5,2010-11
24,Portland Trail Blazers*,82,241.5,36.0,80.5,.447,6.3,18.3,.345,29.7,62.1,.477,18.0,22.4,.804,12.1,27.2,39.3,21.2,8.0,4.4,13.0,19.3,96.3,2010-11
25,Cleveland Cavaliers,82,240.9,35.2,81.1,.434,6.2,18.2,.342,29.0,62.9,.461,18.9,25.3,.745,10.4,29.9,40.3,21.0,6.6,4.2,14.2,20.1,95.5,2010-11
26,Atlanta Hawks*,82,240.6,36.2,78.4,.462,6.1,17.4,.352,30.1,61.0,.494,16.4,21.1,.779,9.3,30.0,39.3,22.0,6.1,4.2,13.6,19.0,95.0,2010-11
27,New Orleans Hornets*,82,241.8,35.9,78.2,.459,5.4,15.0,.360,30.5,63.2,.482,17.7,23.1,.765,10.0,30.1,40.1,20.6,7.6,4.4,13.0,21.0,94.9,2010-11
28,New Jersey Nets,82,244.0,35.6,81.0,.440,5.6,16.3,.343,30.0,64.6,.464,17.4,22.9,.759,11.1,29.8,40.8,21.0,5.6,4.7,14.0,22.0,94.2,2010-11
29,Charlotte Bobcats,82,241.5,35.0,77.6,.451,4.8,14.7,.327,30.2,63.0,.480,18.4,24.4,.756,10.3,29.8,40.1,21.1,6.4,5.3,14.5,20.0,93.3,2010-11
30,Milwaukee Bucks,82,241.8,34.3,79.8,.430,5.9,17.2,.342,28.4,62.6,.454,17.4,22.9,.757,10.5,30.2,40.8,18.8,7.5,4.9,13.5,20.5,91.9,2010-11
1,Denver Nuggets*,66,243.0,39.0,81.9,.476,6.6,19.9,.332,32.4,62.0,.522,19.6,26.7,.735,11.2,31.9,43.1,24.0,8.2,5.0,15.4,19.7,104.1,2011-12
2,San Antonio Spurs*,66,241.5,39.6,82.8,.478,8.4,21.3,.393,31.2,61.5,.507,16.2,21.6,.748,10.3,32.6,43.0,23.2,7.4,4.4,13.6,17.3,103.7,2011-12
3,Oklahoma City Thunder*,66,242.3,37.3,79.2,.471,7.2,20.0,.358,30.2,59.3,.509,21.3,26.4,.806,11.0,32.7,43.7,18.5,7.5,8.2,16.3,20.5,103.1,2011-12
4,Utah Jazz*,66,244.9,38.2,83.8,.456,4.1,12.8,.323,34.1,71.0,.480,19.1,25.3,.754,13.0,31.1,44.2,21.8,8.3,5.8,14.2,21.8,99.7,2011-12
5,Milwaukee Bucks,66,240.4,37.9,85.6,.443,6.6,19.2,.345,31.3,66.5,.471,16.6,21.4,.774,12.4,30.0,42.5,23.5,8.3,5.1,14.1,19.3,99.0,2011-12
6,Sacramento Kings,66,241.1,37.7,86.5,.436,6.2,19.7,.316,31.5,66.8,.471,17.1,23.2,.736,13.4,29.5,42.9,19.3,8.5,4.9,14.4,19.5,98.8,2011-12
7,Miami Heat*,66,243.0,37.1,79.0,.469,5.6,15.6,.359,31.5,63.4,.496,18.8,24.2,.775,10.4,31.2,41.6,20.0,8.9,5.4,15.2,19.4,98.5,2011-12
8,Phoenix Suns,66,240.0,37.8,82.5,.458,6.7,19.6,.343,31.1,62.9,.494,16.0,21.2,.757,10.9,30.8,41.7,22.5,6.5,5.5,14.1,18.7,98.4,2011-12
9,Houston Rockets,66,243.4,37.7,84.0,.449,7.2,20.2,.359,30.5,63.8,.477,15.4,19.7,.782,11.7,30.5,42.2,21.3,7.5,4.8,14.5,20.4,98.1,2011-12
10,Minnesota Timberwolves,66,241.5,35.7,82.3,.433,7.2,21.6,.332,28.5,60.8,.469,19.4,25.2,.771,12.1,31.7,43.7,19.5,6.6,4.4,15.2,18.4,97.9,2011-12
Rk,Team,G,MP,FG,FGA,FG%,3P,3PA,3P%,2P,2PA,2P%,FT,FTA,FT%,ORB,DRB,TRB,AST,STL,BLK,TOV,PF,PTS,2011-12
11,Golden State Warriors,66,241.1,37.7,82.5,.457,7.9,20.5,.388,29.8,62.0,.480,14.4,18.7,.770,9.7,29.5,39.2,22.3,8.0,5.5,13.9,21.4,97.8,2011-12
12,New York Knicks*,66,241.5,35.8,80.8,.443,7.8,23.3,.336,28.0,57.5,.487,18.3,24.8,.741,11.3,30.5,41.7,20.1,9.4,4.2,16.0,21.1,97.8,2011-12
13,Indiana Pacers*,66,242.3,35.7,81.4,.438,5.9,16.1,.368,29.7,65.3,.455,20.4,26.1,.782,12.5,31.4,43.9,18.6,7.9,5.4,14.0,21.7,97.7,2011-12
14,Los Angeles Clippers*,66,241.9,37.0,81.3,.455,7.8,21.8,.357,29.2,59.5,.490,15.8,23.3,.680,12.1,29.4,41.6,21.0,8.4,4.8,13.3,21.2,97.5,2011-12
15,Los Angeles Lakers*,66,243.4,36.8,80.6,.457,5.5,16.8,.326,31.3,63.7,.491,18.2,24.1,.756,12.1,34.1,46.2,22.5,5.9,5.3,15.1,16.8,97.3,2011-12
16,Portland Trail Blazers,66,241.9,36.4,82.1,.443,7.2,20.9,.346,29.2,61.1,.477,17.2,21.6,.796,11.1,29.5,40.7,20.4,8.0,4.9,14.2,19.0,97.2,2011-12
17,Atlanta Hawks*,66,244.9,36.8,81.0,.454,7.5,20.2,.370,29.3,60.9,.482,15.5,21.0,.740,9.9,31.3,41.2,22.4,8.1,4.6,14.0,17.8,96.6,2011-12
18,Chicago Bulls*,66,241.5,37.4,82.8,.452,6.3,16.9,.375,31.0,65.8,.471,15.2,21.1,.722,13.9,32.8,46.7,23.1,6.9,5.9,14.0,17.3,96.3,2011-12
19,Dallas Mavericks*,66,243.4,36.3,82.0,.443,7.5,22.2,.339,28.8,59.8,.482,15.6,20.2,.771,10.1,32.7,42.8,20.9,8.6,5.1,14.0,18.6,95.8,2011-12
20,Memphis Grizzlies*,66,241.5,36.7,82.2,.447,4.2,12.9,.326,32.5,69.3,.470,17.3,22.8,.759,12.6,29.5,42.0,19.5,9.6,5.2,14.5,19.9,95.0,2011-12
Rk,Team,G,MP,FG,FGA,FG%,3P,3PA,3P%,2P,2PA,2P%,FT,FTA,FT%,ORB,DRB,TRB,AST,STL,BLK,TOV,PF,PTS,2011-12
21,Orlando Magic*,66,241.9,34.5,78.2,.441,10.2,27.0,.375,24.3,51.2,.475,15.1,22.8,.660,11.2,31.2,42.5,20.0,6.8,4.2,14.9,17.7,94.2,2011-12
22,Washington Wizards,66,240.4,36.6,83.0,.441,5.2,16.3,.320,31.4,66.7,.470,15.3,21.0,.727,11.7,29.9,41.7,19.1,8.0,6.3,15.3,21.3,93.6,2011-12
23,Philadelphia 76ers*,66,241.1,37.4,83.6,.448,5.3,14.6,.362,32.2,69.0,.466,13.5,18.2,.742,10.7,32.5,43.2,22.0,8.0,5.2,11.2,17.5,93.6,2011-12
24,New Jersey Nets,66,240.8,34.3,80.6,.425,7.7,22.4,.342,26.6,58.2,.457,16.9,21.7,.777,11.9,28.5,40.3,19.9,7.5,3.9,15.1,19.2,93.1,2011-12
25,Cleveland Cavaliers,66,241.9,34.3,81.2,.422,6.7,19.3,.346,27.6,61.9,.446,17.8,24.9,.716,12.7,29.5,42.3,19.8,7.1,4.0,15.4,20.0,93.0,2011-12
26,Boston Celtics*,66,241.5,35.5,77.1,.460,5.5,15.0,.367,30.0,62.1,.483,15.4,19.8,.778,7.7,31.1,38.8,23.6,7.5,5.5,14.8,19.9,91.8,2011-12
27,Detroit Pistons,66,241.9,34.7,79.3,.438,4.8,13.9,.346,29.9,65.4,.457,16.6,22.1,.752,11.7,28.5,40.3,18.7,7.0,4.2,15.7,19.6,90.9,2011-12
28,Toronto Raptors,66,241.9,34.4,78.1,.440,5.5,16.3,.340,28.8,61.8,.467,16.4,21.4,.770,10.6,31.4,42.0,20.9,6.5,4.9,15.2,23.2,90.7,2011-12
29,New Orleans Hornets,66,241.5,34.8,77.3,.451,3.9,11.8,.333,30.9,65.5,.472,16.0,21.2,.757,11.0,30.2,41.1,20.7,7.4,4.8,15.5,20.1,89.6,2011-12
30,Charlotte Bobcats,66,240.8,33.2,80.2,.414,4.0,13.5,.295,29.2,66.7,.439,16.5,22.2,.746,10.3,28.7,39.0,20.1,6.0,5.5,14.5,18.9,87.0,2011-12
1,Denver Nuggets*,82,242.7,40.7,85.2,.478,6.4,18.5,.343,34.4,66.6,.516,18.4,26.2,.701,13.3,31.7,45.0,24.4,9.3,6.5,15.3,20.5,106.1,2012-13
2,Houston Rockets*,82,241.2,38.1,82.7,.461,10.6,28.9,.366,27.5,53.8,.511,19.2,25.5,.754,11.1,32.3,43.4,23.2,8.3,4.4,16.4,20.3,106.0,2012-13
3,Oklahoma City Thunder*,82,241.8,38.1,79.3,.481,7.3,19.4,.377,30.8,60.0,.514,22.2,26.8,.828,10.4,33.2,43.6,21.4,8.3,7.6,15.3,20.2,105.7,2012-13
4,San Antonio Spurs*,82,242.4,39.1,81.4,.481,8.1,21.5,.376,31.1,59.9,.519,16.6,21.0,.791,8.1,33.2,41.3,25.1,8.5,5.4,14.7,17.4,103.0,2012-13
5,Miami Heat*,82,242.4,38.4,77.4,.496,8.7,22.1,.396,29.6,55.4,.536,17.4,23.0,.754,8.2,30.4,38.6,23.0,8.7,5.4,13.9,18.7,102.9,2012-13
6,Los Angeles Lakers*,82,240.9,37.1,81.0,.458,8.7,24.6,.355,28.4,56.4,.503,19.3,27.9,.692,11.5,33.3,44.8,22.2,7.0,5.2,15.0,17.9,102.2,2012-13
7,Golden State Warriors*,82,241.5,38.2,83.4,.458,8.0,19.9,.403,30.1,63.5,.475,16.8,21.3,.790,10.8,34.2,45.0,22.5,6.9,4.2,15.1,21.4,101.2,2012-13
8,Los Angeles Clippers*,82,240.6,38.5,80.6,.478,7.6,21.4,.358,30.9,59.2,.522,16.4,23.0,.711,11.4,30.2,41.6,23.9,9.6,5.6,14.6,20.9,101.1,2012-13
9,Dallas Mavericks,82,243.7,38.8,84.0,.462,7.4,19.9,.372,31.4,64.2,.489,16.1,20.4,.793,9.4,32.6,41.9,23.2,7.9,5.5,14.0,20.7,101.1,2012-13
10,Sacramento Kings,82,241.8,37.6,84.2,.447,7.4,20.5,.363,30.2,63.7,.474,17.5,22.8,.769,11.5,29.1,40.6,20.8,8.2,4.2,14.6,20.9,100.2,2012-13
Rk,Team,G,MP,FG,FGA,FG%,3P,3PA,3P%,2P,2PA,2P%,FT,FTA,FT%,ORB,DRB,TRB,AST,STL,BLK,TOV,PF,PTS,2012-13
11,New York Knicks*,82,240.6,36.5,81.6,.448,10.9,28.9,.376,25.7,52.7,.487,16.0,21.1,.759,10.9,29.7,40.6,19.3,8.2,3.6,12.0,20.1,100.0,2012-13
12,Milwaukee Bucks*,82,241.8,38.1,87.8,.435,7.3,20.4,.360,30.8,67.4,.457,15.3,20.7,.736,13.0,30.9,44.0,22.9,8.4,6.7,14.1,19.0,98.9,2012-13
13,Utah Jazz,82,242.4,37.1,81.8,.454,6.2,16.9,.366,31.0,64.9,.477,17.5,23.0,.764,12.1,30.0,42.0,22.7,8.4,6.3,14.8,21.3,98.0,2012-13
14,Atlanta Hawks*,82,242.1,37.6,81.0,.464,8.6,23.2,.371,29.0,57.8,.501,14.1,19.7,.715,9.2,31.6,40.9,24.5,8.1,4.5,14.9,18.0,98.0,2012-13
15,Portland Trail Blazers,82,242.1,36.7,81.9,.448,8.2,23.2,.353,28.5,58.7,.486,15.9,20.5,.776,10.7,30.2,40.8,21.8,6.6,4.3,14.7,18.5,97.5,2012-13
16,Toronto Raptors,82,243.7,36.3,81.5,.446,7.0,20.3,.343,29.4,61.2,.480,17.6,22.3,.788,10.6,29.6,40.2,21.5,7.3,4.8,13.7,22.4,97.2,2012-13
17,Brooklyn Nets*,82,242.1,35.9,79.8,.450,7.7,21.5,.357,28.2,58.3,.484,17.5,23.9,.731,12.8,30.0,42.8,20.3,7.3,4.8,14.7,18.3,96.9,2012-13
18,Boston Celtics*,81,244.9,37.0,79.7,.465,6.1,17.2,.358,30.9,62.6,.494,16.3,21.0,.776,8.1,31.3,39.3,22.8,8.2,4.5,14.6,21.2,96.5,2012-13
19,Cleveland Cavaliers,82,240.6,36.5,84.2,.434,6.7,19.3,.346,29.8,64.9,.460,16.8,22.3,.756,12.2,28.8,41.0,20.7,7.9,4.1,14.0,21.2,96.5,2012-13
20,Minnesota Timberwolves,82,240.6,35.9,81.7,.439,5.5,18.0,.305,30.4,63.7,.477,18.5,24.9,.742,11.9,30.2,42.0,22.4,8.5,4.7,14.8,18.4,95.7,2012-13
Rk,Team,G,MP,FG,FGA,FG%,3P,3PA,3P%,2P,2PA,2P%,FT,FTA,FT%,ORB,DRB,TRB,AST,STL,BLK,TOV,PF,PTS,2012-13
21,Phoenix Suns,82,241.5,37.3,84.4,.443,5.9,17.7,.330,31.5,66.6,.473,14.7,19.7,.744,11.7,29.9,41.6,22.6,8.0,5.3,15.6,20.6,95.2,2012-13
22,Detroit Pistons,82,241.5,36.3,81.0,.449,6.3,17.6,.356,30.1,63.4,.474,15.9,22.8,.699,12.1,30.0,42.1,21.2,7.0,4.9,15.1,19.8,94.9,2012-13
23,Indiana Pacers*,81,241.9,35.1,80.6,.436,6.9,19.7,.347,28.3,60.8,.465,17.6,23.6,.746,12.9,33.0,45.9,20.3,7.2,6.3,15.1,20.0,94.7,2012-13
24,New Orleans Hornets,82,241.2,36.0,80.4,.448,6.5,18.0,.363,29.5,62.4,.473,15.5,20.0,.776,12.0,29.6,41.6,21.0,6.3,5.4,14.5,20.4,94.1,2012-13
25,Orlando Magic,82,241.2,37.7,84.2,.448,6.2,18.7,.329,31.5,65.5,.482,12.5,16.6,.755,10.9,31.9,42.7,22.8,6.4,4.4,14.5,19.4,94.1,2012-13
26,Memphis Grizzlies*,82,241.5,36.1,81.5,.444,4.7,13.5,.345,31.5,68.0,.463,16.5,21.3,.773,12.9,29.8,42.7,20.9,8.6,5.3,14.0,20.2,93.4,2012-13
27,Charlotte Bobcats,82,241.5,34.4,81.1,.425,5.7,17.1,.335,28.7,64.0,.448,18.9,25.1,.750,11.2,29.1,40.3,19.4,7.2,5.8,14.1,19.0,93.4,2012-13
28,Philadelphia 76ers,82,240.9,37.3,84.1,.444,6.3,17.5,.360,31.0,66.5,.466,12.2,16.8,.729,10.9,30.4,41.3,22.8,7.4,4.7,13.0,18.4,93.2,2012-13
29,Chicago Bulls*,82,241.8,35.7,81.7,.437,5.4,15.4,.353,30.2,66.3,.456,16.4,21.2,.773,12.5,30.7,43.2,23.0,7.2,5.1,14.3,19.7,93.2,2012-13
30,Washington Wizards,82,242.1,35.5,81.6,.435,6.6,18.2,.365,28.8,63.4,.455,15.6,21.3,.733,10.8,32.3,43.2,21.6,7.3,4.6,15.1,20.5,93.2,2012-13
1,Los Angeles Clippers*,82,240.9,39.1,82.5,.474,8.5,24.0,.352,30.7,58.5,.525,21.2,29.1,.730,10.5,32.5,43.0,24.6,8.6,4.8,13.9,21.5,107.9,2013-14
2,Houston Rockets*,82,241.8,38.0,80.5,.472,9.5,26.6,.358,28.5,54.0,.529,22.1,31.1,.712,11.2,34.1,45.3,21.4,7.6,5.6,16.1,20.4,107.7,2013-14
3,Minnesota Timberwolves,82,242.1,38.9,87.5,.444,7.3,21.4,.341,31.6,66.1,.478,21.8,28.1,.778,12.5,32.2,44.7,23.9,8.8,3.6,13.9,18.3,106.9,2013-14
4,Portland Trail Blazers*,82,242.1,39.1,87.0,.450,9.4,25.3,.372,29.7,61.7,.481,19.1,23.5,.815,12.5,34.0,46.4,23.2,5.5,4.7,13.7,19.2,106.7,2013-14
5,Oklahoma City Thunder*,82,241.5,39.0,82.7,.471,8.1,22.4,.361,30.9,60.3,.512,20.2,25.0,.806,10.8,33.9,44.7,21.9,8.3,6.1,15.3,22.7,106.2,2013-14
6,San Antonio Spurs*,82,240.9,40.6,83.5,.486,8.5,21.4,.397,32.0,62.0,.517,15.7,20.0,.785,9.3,34.0,43.3,25.2,7.4,5.1,14.4,18.2,105.4,2013-14
7,Phoenix Suns,82,240.9,38.7,83.5,.463,9.3,25.1,.372,29.4,58.4,.503,18.5,24.4,.758,11.3,31.7,43.0,19.1,8.4,4.6,15.3,21.9,105.2,2013-14
8,Dallas Mavericks*,82,241.8,39.6,83.6,.474,8.8,22.9,.384,30.8,60.7,.508,16.8,21.1,.795,10.2,30.7,40.9,23.6,8.6,4.3,13.5,20.0,104.8,2013-14
9,Denver Nuggets,82,240.9,38.4,85.9,.447,8.6,23.9,.358,29.8,62.0,.481,19.1,26.3,.726,12.3,33.1,45.4,22.4,7.5,5.6,15.9,23.0,104.4,2013-14
10,Golden State Warriors*,82,241.8,39.5,85.4,.462,9.4,24.8,.380,30.0,60.6,.496,15.9,21.1,.753,10.9,34.4,45.3,23.3,7.8,5.0,15.2,21.8,104.3,2013-14
Rk,Team,G,MP,FG,FGA,FG%,3P,3PA,3P%,2P,2PA,2P%,FT,FTA,FT%,ORB,DRB,TRB,AST,STL,BLK,TOV,PF,PTS,2013-14
11,Los Angeles Lakers,82,240.3,38.3,85.1,.450,9.4,24.8,.381,28.8,60.3,.478,17.0,22.4,.757,9.1,32.0,41.0,24.5,7.5,5.4,15.1,19.8,103.0,2013-14
12,Miami Heat*,82,242.4,38.3,76.5,.501,8.1,22.3,.364,30.2,54.2,.558,17.5,23.0,.760,7.6,29.2,36.9,22.5,8.9,4.5,14.8,19.5,102.2,2013-14
13,Toronto Raptors*,82,243.4,36.5,81.9,.445,8.7,23.4,.372,27.8,58.5,.475,19.6,25.1,.782,11.4,31.1,42.5,21.2,7.0,4.2,14.1,23.0,101.3,2013-14
14,Atlanta Hawks*,82,241.8,37.3,81.6,.458,9.4,25.8,.363,28.0,55.8,.502,17.0,21.7,.781,8.7,31.3,40.0,24.9,8.3,4.0,15.3,19.2,101.0,2013-14
15,Detroit Pistons,82,241.2,38.8,86.9,.447,6.2,19.3,.321,32.6,67.6,.483,17.3,25.7,.670,14.6,30.8,45.4,20.9,8.4,4.8,14.5,20.3,101.0,2013-14
16,Washington Wizards*,82,244.6,38.7,84.4,.459,7.9,20.8,.380,30.9,63.6,.485,15.3,20.9,.731,10.8,31.4,42.2,23.3,8.1,4.6,14.7,20.4,100.7,2013-14
17,Sacramento Kings,82,241.8,36.9,82.5,.447,6.0,18.0,.333,30.9,64.5,.479,20.7,27.3,.759,12.1,32.4,44.5,18.9,7.2,3.9,15.2,22.5,100.5,2013-14
18,New Orleans Pelicans,82,242.1,37.8,82.5,.459,5.9,15.9,.373,31.9,66.6,.479,18.2,23.6,.769,11.4,30.3,41.7,21.3,7.9,6.4,13.8,22.6,99.7,2013-14
19,Philadelphia 76ers,82,242.1,37.9,87.2,.435,7.0,22.5,.312,30.9,64.7,.477,16.6,23.4,.710,11.6,31.2,42.7,21.8,9.3,4.0,16.9,22.5,99.5,2013-14
20,New York Knicks,82,242.1,36.9,82.2,.449,9.3,24.9,.372,27.7,57.3,.482,15.5,20.4,.761,10.6,29.7,40.3,20.0,7.7,4.5,13.0,22.1,98.6,2013-14
Rk,Team,G,MP,FG,FGA,FG%,3P,3PA,3P%,2P,2PA,2P%,FT,FTA,FT%,ORB,DRB,TRB,AST,STL,BLK,TOV,PF,PTS,2013-14
21,Brooklyn Nets*,82,242.4,35.7,77.9,.459,8.6,23.4,.369,27.1,54.5,.497,18.4,24.4,.753,8.8,29.4,38.1,20.9,8.6,3.8,14.5,21.7,98.5,2013-14
22,Cleveland Cavaliers,82,243.0,37.0,84.8,.437,7.1,20.0,.356,29.9,64.8,.461,17.0,22.7,.751,12.1,32.1,44.1,21.2,7.1,3.7,14.2,20.0,98.2,2013-14
23,Charlotte Bobcats*,82,242.7,36.3,82.1,.442,6.3,17.9,.351,30.0,64.1,.468,18.0,24.4,.737,9.5,33.2,42.7,21.7,6.1,5.1,12.3,18.2,96.9,2013-14
24,Indiana Pacers*,82,241.2,36.0,80.2,.449,6.7,18.8,.357,29.3,61.4,.477,18.1,23.3,.779,10.2,34.5,44.7,20.1,6.7,5.4,15.1,20.4,96.7,2013-14
25,Orlando Magic,82,243.4,36.9,82.7,.445,6.9,19.5,.353,30.0,63.3,.474,15.9,20.9,.763,9.7,32.4,42.0,21.0,7.7,4.3,14.9,20.5,96.5,2013-14
26,Boston Celtics,82,240.6,36.5,83.9,.435,7.0,21.1,.333,29.5,62.9,.470,16.2,20.8,.777,12.0,30.5,42.5,21.0,7.1,4.2,15.4,21.3,96.2,2013-14
27,Memphis Grizzlies*,82,241.5,38.1,82.0,.464,4.9,14.0,.353,33.1,68.0,.487,15.1,20.3,.741,11.6,30.8,42.4,21.9,7.7,4.6,13.7,19.1,96.1,2013-14
28,Milwaukee Bucks,82,242.4,36.0,82.2,.438,6.7,18.9,.353,29.3,63.2,.464,16.8,22.5,.747,11.8,29.3,41.1,21.5,6.6,4.9,15.1,20.9,95.5,2013-14
29,Utah Jazz,82,241.2,36.0,81.1,.444,6.6,19.2,.344,29.4,61.9,.474,16.4,22.0,.747,11.0,30.2,41.2,20.3,7.0,4.5,14.6,20.7,95.0,2013-14
30,Chicago Bulls*,82,243.0,34.7,80.2,.432,6.2,17.8,.348,28.5,62.4,.456,18.1,23.3,.779,11.4,32.7,44.1,22.7,7.2,5.2,14.9,19.1,93.7,2013-14
1,Golden State Warriors*,82,240.6,41.6,87.0,.478,10.8,27.0,.398,30.8,60.0,.514,16.0,20.8,.768,10.4,34.3,44.7,27.4,9.3,6.0,14.5,19.9,110.0,2014-15
2,Los Angeles Clippers*,82,240.6,39.4,83.3,.473,10.1,26.9,.376,29.3,56.4,.519,17.9,25.2,.710,9.6,33.1,42.6,24.8,7.8,5.0,12.3,21.3,106.7,2014-15
3,Dallas Mavericks*,82,242.4,39.7,85.8,.463,8.9,25.4,.352,30.8,60.4,.509,16.9,22.5,.752,10.5,31.8,42.3,22.5,8.1,4.5,13.0,20.0,105.2,2014-15
4,Oklahoma City Thunder,82,241.8,38.8,86.8,.447,7.7,22.7,.339,31.1,64.1,.486,18.6,24.6,.754,12.8,34.7,47.5,20.5,7.3,5.5,14.7,22.3,104.0,2014-15
5,Toronto Raptors*,82,242.1,37.9,83.3,.455,8.9,25.1,.352,29.0,58.2,.499,19.3,24.6,.787,10.7,30.8,41.5,20.7,7.5,4.4,12.9,20.9,104.0,2014-15
6,Houston Rockets*,82,241.5,37.0,83.3,.444,11.4,32.7,.348,25.6,50.6,.506,18.6,26.0,.715,11.7,32.0,43.7,22.2,9.5,5.0,16.7,22.0,103.9,2014-15
7,San Antonio Spurs*,82,243.4,39.1,83.6,.468,8.3,22.5,.367,30.9,61.1,.505,16.7,21.4,.780,9.8,33.8,43.6,24.4,8.0,5.4,14.0,19.1,103.2,2014-15
8,Cleveland Cavaliers*,82,241.2,37.7,82.2,.458,10.1,27.5,.367,27.6,54.7,.504,17.7,23.6,.751,11.1,31.9,43.0,22.1,7.4,4.1,14.3,18.4,103.1,2014-15
9,Portland Trail Blazers*,82,242.1,38.7,86.0,.450,9.8,27.2,.362,28.9,58.8,.491,15.5,19.4,.801,10.7,35.1,45.9,21.9,6.4,4.5,13.6,18.2,102.8,2014-15
10,Atlanta Hawks*,82,240.6,38.1,81.7,.466,10.0,26.2,.380,28.1,55.5,.506,16.5,21.2,.778,8.7,31.8,40.6,25.7,9.1,4.6,14.2,17.8,102.5,2014-15
Rk,Team,G,MP,FG,FGA,FG%,3P,3PA,3P%,2P,2PA,2P%,FT,FTA,FT%,ORB,DRB,TRB,AST,STL,BLK,TOV,PF,PTS,2014-15
11,Phoenix Suns,82,242.4,38.8,85.8,.452,8.5,25.0,.341,30.2,60.9,.497,16.4,21.5,.760,10.9,32.2,43.2,20.2,8.5,4.7,15.1,21.3,102.4,2014-15
12,Denver Nuggets,82,242.4,37.8,87.3,.433,8.0,24.8,.325,29.7,62.5,.476,17.8,24.3,.734,12.3,32.4,44.7,21.8,7.8,4.5,14.2,23.0,101.5,2014-15
13,Boston Celtics*,82,242.4,38.9,87.9,.443,8.0,24.6,.327,30.9,63.3,.488,15.4,20.5,.754,11.1,32.7,43.8,24.5,8.2,3.6,13.8,21.2,101.4,2014-15
14,Sacramento Kings,82,242.1,36.7,80.7,.455,5.6,16.5,.341,31.1,64.2,.484,22.3,29.3,.762,10.9,33.3,44.2,20.3,6.7,4.0,16.3,20.7,101.3,2014-15
15,Chicago Bulls*,82,242.4,36.6,82.9,.442,7.9,22.3,.353,28.7,60.6,.474,19.7,25.2,.783,11.7,34.0,45.7,21.7,6.3,5.8,14.0,18.2,100.8,2014-15
16,New Orleans Pelicans*,82,241.2,37.9,82.9,.457,7.1,19.3,.370,30.8,63.6,.484,16.4,21.8,.751,11.5,32.0,43.5,22.0,6.7,6.2,13.3,18.7,99.4,2014-15
17,Washington Wizards*,82,243.4,38.3,82.8,.462,6.1,16.8,.360,32.2,66.0,.488,15.9,21.4,.742,10.5,34.2,44.7,24.0,7.3,4.6,15.0,20.8,98.5,2014-15
18,Los Angeles Lakers,82,243.0,37.2,85.6,.435,6.5,18.9,.344,30.8,66.8,.461,17.5,23.6,.741,11.6,32.3,43.9,20.9,7.0,4.5,13.2,21.2,98.5,2014-15
19,Detroit Pistons,82,241.8,37.1,85.8,.432,8.6,24.9,.344,28.5,60.9,.468,15.8,22.4,.703,12.8,32.1,44.9,21.6,7.6,4.7,13.4,19.0,98.5,2014-15
20,Memphis Grizzlies*,82,242.7,37.8,82.5,.458,5.2,15.2,.339,32.6,67.3,.485,17.6,22.8,.773,10.4,32.1,42.6,21.7,8.5,4.2,13.3,19.1,98.3,2014-15
Rk,Team,G,MP,FG,FGA,FG%,3P,3PA,3P%,2P,2PA,2P%,FT,FTA,FT%,ORB,DRB,TRB,AST,STL,BLK,TOV,PF,PTS,2014-15
21,Brooklyn Nets*,82,243.0,37.4,83.0,.451,6.6,19.9,.331,30.8,63.1,.489,16.6,22.2,.748,10.3,32.0,42.4,20.9,7.0,4.1,13.8,19.3,98.0,2014-15
22,Minnesota Timberwolves,82,241.5,36.4,83.2,.438,5.0,14.9,.332,31.5,68.3,.461,20.0,25.7,.776,11.6,29.3,40.9,21.6,8.1,4.0,15.0,19.2,97.8,2014-15
23,Milwaukee Bucks*,82,243.0,37.6,82.0,.459,6.6,18.3,.363,31.0,63.7,.486,16.0,21.1,.757,10.7,31.4,42.1,23.6,9.6,4.9,16.7,22.1,97.8,2014-15
24,Indiana Pacers,82,242.1,36.6,83.2,.439,7.5,21.2,.352,29.1,62.0,.469,16.7,22.2,.756,10.4,34.4,44.9,21.4,6.2,4.6,14.0,21.2,97.3,2014-15
25,Orlando Magic,82,240.9,37.5,82.8,.453,6.8,19.5,.347,30.8,63.3,.486,13.9,19.1,.729,10.0,31.8,41.8,20.6,7.9,3.8,14.9,20.9,95.7,2014-15
26,Utah Jazz,82,240.3,35.4,79.2,.447,7.4,21.7,.343,27.9,57.5,.486,17.0,23.5,.721,12.0,31.9,44.0,19.9,7.6,6.0,15.3,19.3,95.1,2014-15
27,Miami Heat,82,240.6,35.2,77.2,.456,6.8,20.2,.335,28.4,57.0,.499,17.5,23.7,.741,9.1,30.0,39.1,19.8,7.8,4.5,14.8,20.0,94.7,2014-15
28,Charlotte Hornets,82,242.7,35.5,84.5,.420,6.1,19.1,.318,29.5,65.4,.450,17.0,22.8,.748,10.0,34.1,44.1,20.2,6.1,5.5,11.9,18.2,94.2,2014-15
29,Philadelphia 76ers,82,241.5,33.7,82.6,.408,8.4,26.3,.320,25.3,56.3,.449,16.1,23.8,.676,11.9,30.9,42.9,20.5,9.6,5.9,17.7,21.7,92.0,2014-15
30,New York Knicks,82,242.1,35.1,82.0,.428,6.8,19.7,.347,28.3,62.3,.454,14.8,19.2,.769,10.6,29.8,40.4,21.3,7.0,4.7,14.7,21.6,91.9,2014-15
1,Golden State Warriors*,82,242.4,42.5,87.3,.487,13.1,31.6,.416,29.4,55.7,.528,16.7,21.8,.763,10.0,36.2,46.2,28.9,8.4,6.1,15.2,20.7,114.9,2015-16
2,Oklahoma City Thunder*,82,241.8,41.1,86.4,.476,8.3,23.7,.349,32.9,62.6,.524,19.7,25.2,.782,13.1,35.6,48.6,23.0,7.4,5.9,15.9,20.6,110.2,2015-16
3,Sacramento Kings,82,241.5,40.0,86.4,.464,8.0,22.4,.359,32.0,64.0,.500,18.5,25.5,.725,10.6,33.7,44.2,24.5,8.9,4.5,16.2,20.4,106.6,2015-16
4,Houston Rockets*,82,241.8,37.7,83.5,.452,10.7,30.9,.347,27.0,52.6,.514,20.4,29.4,.694,11.3,31.7,43.1,22.2,10.0,5.2,15.9,21.8,106.5,2015-16
5,Boston Celtics*,82,241.2,39.2,89.2,.439,8.7,26.1,.335,30.5,63.1,.483,18.5,23.5,.788,11.6,33.3,44.9,24.2,9.2,4.2,13.7,21.9,105.7,2015-16
6,Portland Trail Blazers*,82,241.5,38.6,85.9,.450,10.5,28.5,.370,28.1,57.4,.490,17.4,23.0,.754,11.6,33.9,45.5,21.3,6.9,4.6,14.6,21.7,105.1,2015-16
7,Los Angeles Clippers*,82,241.8,38.3,82.4,.465,9.7,26.7,.364,28.6,55.7,.513,18.2,26.2,.692,8.8,33.3,42.0,22.8,8.6,5.6,13.0,21.3,104.5,2015-16
8,Cleveland Cavaliers*,82,242.1,38.7,84.0,.460,10.7,29.6,.362,27.9,54.4,.514,16.3,21.7,.748,10.6,33.9,44.5,22.7,6.7,3.9,13.6,20.3,104.3,2015-16
9,Washington Wizards,82,240.9,39.5,85.8,.460,8.6,24.2,.358,30.8,61.6,.501,16.5,22.5,.730,9.1,32.8,41.8,24.5,8.6,3.9,14.5,20.8,104.1,2015-16
10,San Antonio Spurs*,82,240.3,40.1,82.9,.484,7.0,18.5,.375,33.2,64.4,.515,16.4,20.4,.803,9.4,34.5,43.9,24.5,8.3,5.9,13.1,17.5,103.5,2015-16
Rk,Team,G,MP,FG,FGA,FG%,3P,3PA,3P%,2P,2PA,2P%,FT,FTA,FT%,ORB,DRB,TRB,AST,STL,BLK,TOV,PF,PTS,2015-16
11,Charlotte Hornets*,82,242.1,37.0,84.4,.439,10.6,29.4,.362,26.4,55.0,.479,18.7,23.7,.790,9.0,35.0,43.9,21.7,7.3,5.3,12.5,18.1,103.4,2015-16
12,Atlanta Hawks*,82,241.8,38.6,84.4,.458,9.9,28.4,.350,28.7,56.1,.512,15.6,20.0,.783,8.3,33.8,42.1,25.6,9.1,5.9,15.0,19.1,102.8,2015-16
13,Toronto Raptors*,82,241.2,36.7,81.3,.451,8.6,23.4,.370,28.0,58.0,.483,20.8,26.7,.777,10.2,33.2,43.4,18.7,7.8,5.5,13.1,19.6,102.7,2015-16
14,New Orleans Pelicans,82,241.2,38.5,85.9,.448,8.6,23.8,.360,29.9,62.1,.482,17.3,22.2,.776,9.5,33.1,42.6,22.2,7.7,4.2,13.4,20.9,102.7,2015-16
15,Minnesota Timberwolves,82,242.4,37.7,81.3,.464,5.5,16.4,.338,32.2,64.9,.496,21.4,27.0,.792,10.0,31.5,41.6,23.4,8.0,4.6,15.0,20.7,102.4,2015-16
16,Dallas Mavericks*,82,244.0,37.4,84.1,.444,9.8,28.6,.344,27.5,55.6,.495,17.7,22.3,.794,9.2,33.9,43.1,22.1,6.8,3.7,12.8,19.5,102.3,2015-16
17,Indiana Pacers*,82,242.4,38.3,85.2,.450,8.1,23.0,.351,30.2,62.1,.486,17.4,22.8,.764,10.3,33.9,44.2,21.2,9.0,4.8,14.9,20.0,102.2,2015-16
18,Orlando Magic,82,242.7,39.5,86.8,.455,7.8,22.2,.350,31.8,64.7,.492,15.2,20.1,.757,10.3,33.0,43.3,23.6,8.2,5.1,14.1,20.7,102.1,2015-16
19,Detroit Pistons*,82,242.4,37.9,86.4,.439,9.0,26.2,.345,28.9,60.2,.480,17.1,25.5,.668,12.5,33.9,46.3,19.4,7.0,3.7,13.5,19.0,102.0,2015-16
20,Denver Nuggets,82,241.8,37.7,85.4,.442,8.0,23.7,.338,29.7,61.7,.482,18.5,24.1,.766,11.5,33.1,44.6,22.7,7.4,4.8,14.7,21.0,101.9,2015-16
Rk,Team,G,MP,FG,FGA,FG%,3P,3PA,3P%,2P,2PA,2P%,FT,FTA,FT%,ORB,DRB,TRB,AST,STL,BLK,TOV,PF,PTS,2015-16
21,Chicago Bulls,82,242.7,38.6,87.4,.441,7.9,21.4,.371,30.7,66.1,.464,16.5,21.0,.787,11.1,35.2,46.3,22.8,6.0,5.7,13.9,18.8,101.6,2015-16
22,Phoenix Suns,82,240.3,37.2,85.6,.435,9.0,25.8,.348,28.2,59.8,.472,17.5,23.2,.751,11.5,33.3,44.8,20.7,7.7,3.8,17.2,22.7,100.9,2015-16
23,Miami Heat*,82,241.8,38.4,81.7,.470,6.1,18.0,.336,32.3,63.6,.508,17.1,23.0,.744,9.8,34.3,44.1,20.8,6.7,6.5,14.1,18.3,100.0,2015-16
24,Memphis Grizzlies*,82,241.8,36.8,83.6,.440,6.1,18.5,.331,30.7,65.1,.471,19.3,24.7,.783,11.2,30.5,41.6,20.7,8.8,4.3,13.3,21.7,99.1,2015-16
25,Milwaukee Bucks,82,241.8,38.4,82.2,.467,5.4,15.6,.345,33.0,66.6,.495,17.0,22.7,.747,10.5,31.2,41.7,23.1,8.2,5.8,15.2,20.7,99.0,2015-16
26,Brooklyn Nets,82,240.9,38.2,84.4,.453,6.5,18.4,.352,31.8,66.0,.481,15.7,20.7,.757,10.5,31.9,42.4,22.3,7.6,4.0,14.8,18.0,98.6,2015-16
27,New York Knicks,82,241.5,36.9,84.0,.439,7.4,21.5,.346,29.4,62.5,.471,17.2,21.4,.805,10.4,34.0,44.4,20.5,5.7,5.7,13.4,19.7,98.4,2015-16
28,Utah Jazz,82,243.4,36.1,80.4,.449,8.5,23.9,.355,27.6,56.5,.488,17.1,23.0,.744,10.7,32.5,43.2,19.0,7.7,5.2,14.9,20.2,97.7,2015-16
29,Philadelphia 76ers,82,241.5,36.2,84.0,.431,9.3,27.5,.339,26.9,56.5,.476,15.7,22.6,.694,9.5,31.8,41.2,21.5,8.3,6.0,16.4,21.7,97.4,2015-16
30,Los Angeles Lakers,82,240.6,35.1,84.8,.414,7.8,24.6,.317,27.3,60.2,.454,19.3,24.7,.781,10.7,32.3,43.0,18.0,7.2,4.1,13.7,20.3,97.3,2015-16
1,Golden State Warriors*,82,241.2,43.1,87.1,.495,12.0,31.2,.383,31.1,55.8,.557,17.8,22.6,.788,9.4,35.0,44.4,30.4,9.6,6.8,14.8,19.3,115.9,2016-17
2,Houston Rockets*,82,241.2,40.3,87.2,.462,14.4,40.3,.357,25.9,46.9,.552,20.3,26.5,.766,10.9,33.5,44.4,25.2,8.2,4.3,15.1,19.9,115.3,2016-17
3,Denver Nuggets,82,240.9,41.2,87.7,.469,10.6,28.8,.368,30.6,58.9,.519,18.7,24.2,.774,11.8,34.6,46.4,25.3,6.9,3.9,15.0,19.1,111.7,2016-17
4,Cleveland Cavaliers*,82,242.4,39.9,84.9,.470,13.0,33.9,.384,26.9,51.0,.528,17.5,23.3,.748,9.3,34.4,43.7,22.7,6.6,4.0,13.7,18.1,110.3,2016-17
5,Washington Wizards*,82,242.1,41.3,87.0,.475,9.2,24.8,.372,32.1,62.3,.515,17.3,22.1,.784,10.3,32.6,42.9,23.9,8.5,4.1,14.2,21.3,109.2,2016-17
6,Los Angeles Clippers*,82,240.9,39.5,83.2,.475,10.3,27.4,.375,29.3,55.8,.525,19.3,26.0,.745,9.0,34.0,43.0,22.5,7.5,4.2,13.0,19.8,108.7,2016-17
7,Boston Celtics*,82,240.9,38.6,85.1,.454,12.0,33.4,.359,26.6,51.7,.515,18.7,23.2,.807,9.1,32.9,42.0,25.2,7.5,4.1,13.3,20.6,108.0,2016-17
8,Portland Trail Blazers*,82,243.0,39.5,86.1,.459,10.4,27.7,.375,29.2,58.4,.499,18.5,23.7,.780,10.1,33.5,43.7,21.1,7.0,5.0,13.7,21.2,107.9,2016-17
9,Phoenix Suns,82,241.8,39.9,88.5,.450,7.5,22.6,.332,32.4,65.9,.491,20.4,26.3,.776,11.9,33.1,45.0,19.6,8.2,4.9,15.4,24.8,107.7,2016-17
10,Toronto Raptors*,82,241.2,39.2,84.4,.464,8.8,24.3,.363,30.3,60.0,.505,19.7,24.7,.796,10.6,32.6,43.3,18.5,8.3,4.9,12.7,20.8,106.9,2016-17
Rk,Team,G,MP,FG,FGA,FG%,3P,3PA,3P%,2P,2PA,2P%,FT,FTA,FT%,ORB,DRB,TRB,AST,STL,BLK,TOV,PF,PTS,2016-17
11,Oklahoma City Thunder*,82,241.5,39.5,87.4,.452,8.4,25.8,.327,31.0,61.6,.504,19.2,25.8,.745,12.2,34.4,46.6,21.0,7.9,5.0,15.0,20.9,106.6,2016-17
12,Brooklyn Nets,82,240.9,37.8,85.2,.444,10.7,31.6,.338,27.1,53.6,.506,19.4,24.6,.788,8.8,35.1,43.9,21.4,7.2,4.7,16.5,21.0,105.8,2016-17
13,Minnesota Timberwolves,82,241.5,39.5,84.4,.467,7.3,21.0,.349,32.1,63.4,.507,19.3,24.2,.799,11.4,31.0,42.4,23.7,8.0,4.5,14.0,20.1,105.6,2016-17
14,San Antonio Spurs*,82,241.5,39.3,83.7,.469,9.2,23.5,.391,30.1,60.2,.500,17.6,22.0,.797,10.0,33.9,43.9,23.8,8.0,5.9,13.4,18.3,105.3,2016-17
15,Indiana Pacers*,82,242.1,39.3,84.5,.465,8.6,23.0,.376,30.6,61.5,.498,17.9,22.1,.810,9.0,33.0,42.0,22.5,8.2,5.0,13.8,19.5,105.1,2016-17
16,Charlotte Hornets,82,241.8,37.7,85.4,.442,10.0,28.6,.351,27.7,56.7,.488,19.4,23.8,.815,8.8,34.8,43.6,23.1,7.0,4.8,11.5,16.6,104.9,2016-17
17,Los Angeles Lakers,82,240.3,39.3,87.4,.450,8.9,25.7,.346,30.4,61.6,.493,17.0,22.6,.754,11.4,32.1,43.5,20.9,8.2,3.9,15.2,20.7,104.6,2016-17
18,New Orleans Pelicans,82,242.7,39.1,87.0,.450,9.4,26.8,.350,29.8,60.2,.495,16.7,22.3,.750,8.6,35.1,43.7,22.8,7.8,5.5,12.9,18.2,104.3,2016-17
19,New York Knicks,82,242.1,39.6,88.5,.447,8.6,24.7,.348,31.0,63.8,.485,16.6,21.1,.788,12.0,33.2,45.2,21.8,7.1,5.5,13.9,20.3,104.3,2016-17
20,Milwaukee Bucks*,82,241.2,38.8,81.9,.474,8.8,23.7,.370,30.0,58.2,.516,17.2,22.4,.768,8.8,31.6,40.4,24.2,8.1,5.3,14.0,20.2,103.6,2016-17
Rk,Team,G,MP,FG,FGA,FG%,3P,3PA,3P%,2P,2PA,2P%,FT,FTA,FT%,ORB,DRB,TRB,AST,STL,BLK,TOV,PF,PTS,2016-17
21,Atlanta Hawks*,82,242.4,38.1,84.4,.451,8.9,26.1,.341,29.2,58.3,.501,18.1,24.9,.728,10.3,34.1,44.3,23.6,8.2,4.8,15.8,18.2,103.2,2016-17
22,Miami Heat,82,241.2,39.0,85.8,.455,9.9,27.0,.365,29.2,58.8,.496,15.2,21.6,.706,10.6,33.0,43.6,21.2,7.2,5.7,13.4,20.5,103.2,2016-17
23,Chicago Bulls*,82,241.2,38.6,87.1,.444,7.6,22.3,.340,31.0,64.8,.479,18.0,22.5,.798,12.2,34.1,46.3,22.6,7.8,4.8,13.6,17.7,102.9,2016-17
24,Sacramento Kings,82,242.4,37.9,82.1,.461,9.0,23.9,.376,28.9,58.2,.496,18.1,23.3,.775,8.7,32.3,41.1,22.5,7.6,4.0,14.6,20.3,102.8,2016-17
25,Philadelphia 76ers,82,241.8,37.7,85.3,.442,10.1,29.8,.340,27.5,55.5,.496,17.0,22.0,.771,9.8,33.0,42.8,23.8,8.4,5.1,16.7,21.9,102.4,2016-17
26,Detroit Pistons,82,241.5,39.9,88.8,.449,7.7,23.4,.330,32.2,65.5,.492,13.9,19.3,.719,11.1,34.6,45.7,21.1,7.0,3.8,11.9,17.9,101.3,2016-17
27,Orlando Magic,82,241.5,38.3,87.0,.440,8.5,26.1,.328,29.7,60.9,.488,16.0,21.4,.747,9.8,33.3,43.2,22.2,7.1,4.8,13.3,19.3,101.1,2016-17
28,Utah Jazz*,82,240.9,37.0,79.5,.466,9.6,26.0,.372,27.3,53.5,.511,17.1,22.9,.747,9.4,33.8,43.2,20.1,6.7,5.0,13.6,18.8,100.7,2016-17
29,Memphis Grizzlies*,82,242.7,36.4,83.6,.435,9.4,26.5,.354,27.0,57.1,.473,18.3,23.4,.784,10.8,32.0,42.8,21.3,8.0,4.2,12.9,22.4,100.5,2016-17
30,Dallas Mavericks,82,241.2,36.2,82.3,.440,10.7,30.2,.355,25.5,52.2,.489,14.8,18.5,.801,7.9,30.7,38.6,20.8,7.5,3.7,11.9,19.1,97.9,2016-17
1,Golden State Warriors*,82,240.6,42.8,85.1,.503,11.3,28.9,.391,31.5,56.2,.560,16.6,20.3,.815,8.4,35.1,43.5,29.3,8.0,7.5,15.4,19.6,113.5,2017-18
2,Houston Rockets*,82,240.9,38.7,84.2,.460,15.3,42.3,.362,23.4,41.9,.558,19.6,25.1,.781,9.0,34.5,43.5,21.5,8.5,4.8,13.8,19.5,112.4,2017-18
3,New Orleans Pelicans*,82,243.4,42.7,88.3,.483,10.2,28.2,.362,32.5,60.1,.540,16.1,20.9,.772,8.7,35.7,44.3,26.8,8.0,5.9,14.9,19.1,111.7,2017-18
4,Toronto Raptors*,82,241.8,41.3,87.4,.472,11.8,33.0,.358,29.5,54.4,.541,17.3,21.8,.794,9.8,34.2,44.0,24.3,7.6,6.1,13.4,21.7,111.7,2017-18
5,Cleveland Cavaliers*,82,240.6,40.4,84.8,.476,12.0,32.1,.372,28.4,52.6,.540,18.1,23.3,.779,8.5,33.7,42.1,23.4,7.1,3.8,13.7,18.6,110.9,2017-18
6,Denver Nuggets,82,242.4,40.7,86.6,.470,11.5,30.9,.371,29.2,55.7,.525,17.1,22.3,.767,11.0,33.5,44.5,25.1,7.6,4.9,15.0,18.7,110.0,2017-18
7,Philadelphia 76ers*,82,241.2,40.8,86.6,.472,11.0,29.8,.369,29.9,56.7,.526,17.1,22.8,.752,10.9,36.5,47.4,27.1,8.3,5.1,16.5,22.1,109.8,2017-18
8,Minnesota Timberwolves*,82,241.5,41.0,86.1,.476,8.0,22.5,.357,33.0,63.6,.519,19.4,24.1,.804,10.3,31.6,42.0,22.7,8.4,4.2,12.5,18.2,109.5,2017-18
9,Los Angeles Clippers,82,240.3,40.3,85.4,.471,9.5,26.8,.354,30.8,58.6,.525,19.0,25.5,.743,10.1,33.7,43.9,22.3,7.7,4.5,14.7,20.0,109.0,2017-18
10,Charlotte Hornets,82,241.2,39.0,86.7,.450,10.0,27.2,.369,28.9,59.4,.487,20.2,27.0,.747,10.1,35.4,45.5,21.6,6.8,4.5,12.7,17.2,108.2,2017-18
Rk,Team,G,MP,FG,FGA,FG%,3P,3PA,3P%,2P,2PA,2P%,FT,FTA,FT%,ORB,DRB,TRB,AST,STL,BLK,TOV,PF,PTS,2017-18
11,Los Angeles Lakers,82,242.7,40.7,88.4,.461,10.0,29.1,.345,30.7,59.3,.517,16.6,23.3,.714,10.7,35.7,46.4,23.8,7.7,4.7,15.8,21.2,108.1,2017-18
12,Oklahoma City Thunder*,82,241.8,39.9,88.1,.453,10.7,30.4,.354,29.1,57.7,.505,17.3,24.2,.716,12.5,32.6,45.1,21.3,9.1,5.0,14.0,20.2,107.9,2017-18
13,Washington Wizards*,82,242.1,39.9,85.6,.467,9.9,26.5,.375,30.0,59.1,.508,16.8,21.8,.772,10.0,33.1,43.1,25.2,7.9,4.3,14.6,21.3,106.6,2017-18
14,Brooklyn Nets,82,242.1,38.2,86.8,.441,12.7,35.7,.356,25.5,51.1,.500,17.4,22.6,.772,9.7,34.8,44.4,23.7,6.2,4.8,15.2,20.6,106.6,2017-18
15,Milwaukee Bucks*,82,241.8,39.7,83.0,.478,8.8,24.7,.355,31.0,58.3,.531,18.3,23.4,.783,8.4,31.5,39.8,23.2,8.8,5.4,13.8,21.4,106.5,2017-18
16,Indiana Pacers*,82,240.9,40.8,86.4,.472,9.0,24.5,.369,31.8,61.9,.513,14.9,19.2,.779,9.6,32.7,42.3,22.2,8.8,4.1,13.3,18.8,105.6,2017-18
17,Portland Trail Blazers*,82,240.9,39.3,87.0,.452,10.3,28.1,.366,29.0,58.8,.493,16.7,20.9,.800,10.2,35.3,45.5,19.5,7.0,5.2,13.5,19.5,105.6,2017-18
18,New York Knicks,82,241.8,40.7,87.7,.464,8.2,23.3,.352,32.5,64.4,.504,14.9,19.0,.787,10.5,33.6,44.0,23.3,6.7,5.1,14.7,20.5,104.5,2017-18
19,Utah Jazz*,82,240.9,38.3,82.9,.462,10.8,29.6,.366,27.5,53.3,.515,16.8,21.5,.779,9.0,34.2,43.3,22.4,8.6,5.1,14.7,19.6,104.1,2017-18
20,Boston Celtics*,82,241.5,38.3,85.1,.450,11.5,30.4,.377,26.9,54.7,.491,16.0,20.7,.771,9.4,35.1,44.5,22.5,7.4,4.5,14.0,19.7,104.0,2017-18
Rk,Team,G,MP,FG,FGA,FG%,3P,3PA,3P%,2P,2PA,2P%,FT,FTA,FT%,ORB,DRB,TRB,AST,STL,BLK,TOV,PF,PTS,2017-18
21,Phoenix Suns,82,240.3,38.5,87.1,.442,9.3,27.9,.334,29.1,59.2,.492,17.7,23.9,.741,10.3,33.9,44.1,21.3,6.9,4.5,15.7,22.0,103.9,2017-18
22,Detroit Pistons,82,241.5,39.1,86.9,.450,10.8,28.9,.373,28.3,58.0,.488,14.7,19.8,.745,10.1,33.6,43.7,22.8,7.7,3.9,13.4,18.4,103.8,2017-18
23,Miami Heat*,82,243.0,38.8,85.3,.455,11.0,30.6,.360,27.8,54.8,.508,14.7,19.5,.755,9.3,34.2,43.5,22.7,7.6,5.3,14.4,20.1,103.4,2017-18
24,Orlando Magic,82,240.6,38.8,85.9,.452,10.3,29.3,.351,28.5,56.5,.504,15.5,20.5,.757,8.8,32.8,41.6,23.4,7.6,4.9,14.5,19.3,103.4,2017-18
25,Atlanta Hawks,82,240.3,38.2,85.5,.446,11.2,31.0,.360,27.0,54.5,.495,15.8,20.2,.785,9.1,32.8,41.9,23.7,7.8,4.2,15.5,19.6,103.4,2017-18
26,Chicago Bulls,82,242.1,38.7,88.8,.435,11.0,31.1,.355,27.6,57.8,.478,14.6,19.2,.759,9.6,35.0,44.7,23.5,7.6,3.5,14.0,19.2,102.9,2017-18
27,San Antonio Spurs*,82,240.6,39.0,85.4,.457,8.5,24.1,.352,30.6,61.2,.499,16.1,20.9,.772,10.4,33.9,44.2,22.8,7.7,5.6,13.1,17.2,102.7,2017-18
28,Dallas Mavericks,82,241.5,38.1,85.9,.444,11.8,32.8,.360,26.4,53.1,.496,14.2,18.7,.763,8.1,33.1,41.3,22.7,7.0,3.8,12.3,19.2,102.3,2017-18
29,Memphis Grizzlies,82,240.3,36.7,82.8,.444,9.2,26.2,.352,27.5,56.5,.486,16.6,21.1,.786,9.5,31.0,40.5,21.5,7.5,4.8,15.0,23.2,99.3,2017-18
30,Sacramento Kings,82,240.9,38.8,86.1,.450,9.0,24.0,.375,29.8,62.1,.479,12.3,16.7,.735,9.5,31.4,40.9,21.6,7.8,4.1,13.7,20.0,98.8,2017-18
1,Milwaukee Bucks*,82,241.2,43.4,91.1,.476,13.5,38.2,.353,29.9,52.9,.565,17.9,23.2,.773,9.3,40.4,49.7,26.0,7.5,5.9,13.9,19.6,118.1,2018-19
2,Golden State Warriors*,82,241.5,44.0,89.8,.491,13.3,34.4,.385,30.8,55.3,.557,16.3,20.4,.801,9.7,36.5,46.2,29.4,7.6,6.4,14.3,21.4,117.7,2018-19
3,New Orleans Pelicans,82,240.9,43.7,92.2,.473,10.3,29.9,.344,33.4,62.4,.536,17.8,23.4,.761,11.1,36.2,47.3,27.0,7.4,5.4,14.8,21.1,115.4,2018-19
4,Philadelphia 76ers*,82,241.5,41.5,88.2,.471,10.8,30.2,.359,30.7,58.0,.529,21.2,27.5,.771,10.9,36.9,47.8,26.9,7.4,5.3,14.9,21.3,115.2,2018-19
5,Los Angeles Clippers*,82,241.8,41.3,87.5,.471,10.0,25.8,.388,31.3,61.7,.507,22.6,28.5,.792,9.7,35.8,45.5,24.0,6.8,4.7,14.5,23.3,115.1,2018-19
6,Portland Trail Blazers*,82,242.1,42.3,90.6,.467,11.0,30.7,.359,31.3,59.8,.523,19.0,23.3,.814,11.8,36.2,48.0,23.0,6.7,5.0,13.8,20.4,114.7,2018-19
7,Oklahoma City Thunder*,82,242.1,42.6,94.0,.454,11.4,32.6,.348,31.3,61.3,.510,17.8,25.0,.713,12.6,35.5,48.1,23.4,9.3,5.2,14.0,22.4,114.5,2018-19
8,Toronto Raptors*,82,242.4,42.2,89.1,.474,12.4,33.8,.366,29.8,55.3,.539,17.7,22.0,.804,9.6,35.6,45.2,25.4,8.3,5.3,14.0,21.0,114.4,2018-19
9,Sacramento Kings,82,240.6,43.2,93.1,.464,11.3,29.9,.378,31.9,63.2,.504,16.5,22.7,.726,11.0,34.4,45.4,25.4,8.3,4.4,13.4,21.4,114.2,2018-19
10,Washington Wizards,82,243.0,42.1,90.1,.468,11.3,33.3,.341,30.8,56.8,.543,18.4,23.9,.768,9.7,32.7,42.4,26.3,8.3,4.6,14.1,20.7,114.0,2018-19
Rk,Team,G,MP,FG,FGA,FG%,3P,3PA,3P%,2P,2PA,2P%,FT,FTA,FT%,ORB,DRB,TRB,AST,STL,BLK,TOV,PF,PTS,2018-19
11,Houston Rockets*,82,241.8,39.2,87.4,.449,16.1,45.4,.356,23.1,42.0,.551,19.3,24.4,.791,10.2,31.9,42.1,21.2,8.5,4.9,13.3,22.0,113.9,2018-19
12,Atlanta Hawks,82,242.1,41.4,91.8,.451,13.0,37.0,.352,28.4,54.8,.518,17.6,23.4,.752,11.6,34.5,46.1,25.8,8.2,5.1,17.0,23.6,113.3,2018-19
13,Minnesota Timberwolves,82,241.8,41.6,91.3,.456,10.1,28.7,.351,31.5,62.5,.504,19.1,24.3,.787,11.3,33.5,44.8,24.6,8.3,5.0,13.1,20.3,112.5,2018-19
14,Boston Celtics*,82,241.2,42.1,90.5,.465,12.6,34.5,.365,29.5,56.0,.527,15.6,19.5,.802,9.8,34.7,44.5,26.3,8.6,5.3,12.8,20.4,112.4,2018-19
15,Brooklyn Nets*,82,243.7,40.3,89.7,.449,12.8,36.2,.353,27.5,53.6,.513,19.0,25.5,.745,11.0,35.6,46.6,23.8,6.6,4.1,15.1,21.5,112.2,2018-19
16,Los Angeles Lakers,82,241.2,42.6,90.5,.470,10.3,31.0,.333,32.2,59.6,.541,16.3,23.3,.699,10.2,36.4,46.6,25.6,7.5,5.4,15.7,20.7,111.8,2018-19
17,San Antonio Spurs*,82,241.5,42.3,88.4,.478,9.9,25.3,.392,32.4,63.1,.513,17.2,21.0,.819,9.2,35.5,44.7,24.5,6.1,4.7,12.1,18.1,111.7,2018-19
18,Utah Jazz*,82,240.9,40.4,86.4,.468,12.1,34.0,.356,28.3,52.4,.541,18.8,25.5,.736,10.0,36.4,46.4,26.0,8.1,5.9,15.1,21.1,111.7,2018-19
19,Denver Nuggets*,82,240.6,41.9,90.0,.466,11.0,31.4,.351,30.9,58.7,.527,15.8,20.9,.755,11.9,34.5,46.4,27.4,7.7,4.4,13.4,20.0,110.7,2018-19
20,Charlotte Hornets,82,241.8,40.2,89.8,.448,11.9,33.9,.351,28.3,55.8,.507,18.4,23.1,.797,9.9,33.9,43.8,23.2,7.2,4.9,12.2,18.9,110.7,2018-19
Rk,Team,G,MP,FG,FGA,FG%,3P,3PA,3P%,2P,2PA,2P%,FT,FTA,FT%,ORB,DRB,TRB,AST,STL,BLK,TOV,PF,PTS,2018-19
21,Dallas Mavericks,82,241.2,38.8,86.9,.447,12.5,36.6,.340,26.3,50.2,.524,18.8,25.3,.742,10.1,35.2,45.3,23.4,6.5,4.3,14.2,20.1,108.9,2018-19
22,Indiana Pacers*,82,240.3,41.3,87.0,.475,9.5,25.4,.374,31.8,61.6,.517,15.8,21.1,.752,9.3,33.7,43.0,26.0,8.7,4.9,13.7,19.4,108.0,2018-19
23,Phoenix Suns,82,242.4,40.1,87.4,.459,9.6,29.3,.329,30.5,58.1,.525,17.6,22.7,.779,9.1,31.3,40.4,23.9,9.0,5.1,15.6,23.6,107.5,2018-19
24,Orlando Magic*,82,241.2,40.4,89.1,.454,11.4,32.1,.356,29.0,57.0,.509,15.0,19.2,.782,10.0,35.4,45.4,25.5,6.6,5.4,13.2,18.6,107.3,2018-19
25,Detroit Pistons*,82,242.1,38.8,88.3,.440,12.1,34.8,.348,26.7,53.5,.500,17.3,23.1,.747,11.4,33.6,45.0,22.5,6.9,4.0,13.8,22.1,107.0,2018-19
26,Miami Heat,82,240.6,39.6,88.0,.450,11.3,32.4,.349,28.3,55.6,.509,15.1,21.7,.695,11.2,35.1,46.3,24.3,7.6,5.5,14.7,20.9,105.7,2018-19
27,Chicago Bulls,82,242.7,39.8,87.9,.453,9.1,25.9,.351,30.7,62.0,.496,16.2,20.7,.783,8.8,34.1,42.9,21.9,7.4,4.3,14.1,20.3,104.9,2018-19
28,New York Knicks,82,241.2,38.2,88.3,.433,10.0,29.5,.340,28.2,58.8,.479,18.1,23.9,.759,10.5,34.3,44.7,20.1,6.8,5.1,14.0,20.9,104.6,2018-19
29,Cleveland Cavaliers,82,240.9,38.9,87.6,.444,10.3,29.1,.355,28.6,58.5,.488,16.4,20.7,.792,10.7,31.9,42.7,20.7,6.5,2.4,13.5,20.0,104.5,2018-19
30,Memphis Grizzlies,82,242.4,38.0,84.4,.450,9.9,28.9,.342,28.1,55.6,.505,17.7,23.0,.772,8.8,33.0,41.8,23.9,8.3,5.5,14.0,22.0,103.5,2018-19
1,Milwaukee Bucks*,73,241.0,43.3,90.9,.476,13.8,38.9,.355,29.5,52.0,.567,18.3,24.7,.742,9.5,42.2,51.7,25.9,7.2,5.9,15.1,19.6,118.7,2019-20
2,Houston Rockets*,72,241.4,40.8,90.4,.451,15.6,45.3,.345,25.1,45.2,.557,20.6,26.1,.791,9.8,34.5,44.3,21.6,8.7,5.2,14.7,21.8,117.8,2019-20
3,Dallas Mavericks*,75,242.3,41.7,90.3,.461,15.1,41.3,.367,26.5,49.0,.541,18.6,23.8,.779,10.5,36.4,46.9,24.7,6.1,4.8,12.7,19.5,117.0,2019-20
4,Los Angeles Clippers*,72,241.4,41.6,89.2,.466,12.4,33.5,.371,29.1,55.8,.522,20.8,26.3,.791,10.7,37.0,47.7,23.7,7.1,4.7,14.6,22.1,116.3,2019-20
5,New Orleans Pelicans,72,242.1,42.6,91.6,.465,13.6,36.9,.370,28.9,54.8,.528,17.1,23.4,.729,11.1,35.4,46.5,26.8,7.5,5.0,16.4,21.2,115.8,2019-20
6,Portland Trail Blazers*,74,241.0,42.2,91.2,.463,12.9,34.1,.377,29.3,57.1,.514,17.7,22.1,.804,10.2,35.1,45.3,20.6,6.3,6.1,12.8,21.7,115.0,2019-20
7,Washington Wizards,72,241.0,41.5,90.9,.457,12.0,32.6,.368,29.5,58.3,.506,19.4,24.6,.788,10.2,31.9,42.0,25.0,8.0,4.3,14.2,22.7,114.4,2019-20
8,San Antonio Spurs,71,242.5,42.2,89.4,.472,10.7,28.5,.376,31.5,61.0,.516,19.0,23.4,.810,9.0,35.6,44.6,24.7,7.3,5.5,12.6,19.4,114.1,2019-20
9,Boston Celtics*,72,242.1,41.3,89.6,.461,12.6,34.5,.364,28.7,55.0,.522,18.6,23.2,.801,10.7,35.4,46.1,23.0,8.3,5.6,13.8,21.6,113.7,2019-20
10,Phoenix Suns,73,241.0,41.2,88.1,.468,11.4,31.8,.358,29.8,56.3,.529,19.9,23.8,.834,9.8,33.8,43.5,27.2,7.7,4.0,14.8,22.0,113.6,2019-20
Rk,Team,G,MP,FG,FGA,FG%,3P,3PA,3P%,2P,2PA,2P%,FT,FTA,FT%,ORB,DRB,TRB,AST,STL,BLK,TOV,PF,PTS,2019-20
11,Los Angeles Lakers*,71,240.7,42.3,88.3,.480,11.0,31.6,.349,31.3,56.7,.552,17.7,24.3,.729,10.7,35.1,45.7,25.4,8.6,6.6,15.2,20.7,113.4,2019-20
12,Minnesota Timberwolves,64,243.1,40.4,91.6,.441,13.3,39.7,.336,27.1,52.0,.521,19.1,25.4,.753,10.5,34.3,44.8,23.8,8.7,5.7,15.3,21.4,113.3,2019-20
13,Toronto Raptors*,72,241.4,40.2,87.9,.458,13.8,37.0,.374,26.4,50.9,.519,18.5,23.2,.796,9.5,35.9,45.4,25.2,8.8,5.0,14.8,21.7,112.8,2019-20
14,Memphis Grizzlies,73,240.7,42.5,90.9,.468,10.9,31.5,.347,31.6,59.4,.532,16.6,21.8,.763,10.3,36.2,46.5,26.9,7.9,5.5,15.2,21.2,112.6,2019-20
15,Miami Heat*,73,243.1,39.5,84.4,.468,13.4,35.4,.379,26.0,49.0,.532,19.7,25.2,.783,8.5,35.9,44.4,25.9,7.5,4.5,14.9,20.6,112.0,2019-20
16,Atlanta Hawks,67,243.0,40.6,90.6,.449,12.0,36.1,.333,28.6,54.5,.525,18.5,23.4,.790,9.9,33.4,43.3,24.0,7.8,5.1,16.2,23.1,111.8,2019-20
17,Brooklyn Nets*,72,242.8,40.4,90.3,.448,13.1,38.1,.343,27.3,52.1,.524,17.9,24.1,.745,10.6,37.3,47.9,24.5,6.4,4.5,15.3,21.0,111.8,2019-20
18,Denver Nuggets*,73,243.1,42.0,88.9,.473,11.0,30.6,.359,31.1,58.3,.533,16.2,20.9,.777,10.8,33.4,44.1,26.7,8.0,4.6,13.8,20.3,111.3,2019-20
19,Utah Jazz*,72,241.0,40.1,85.1,.471,13.4,35.2,.380,26.7,49.9,.535,17.8,22.8,.779,9.1,35.8,44.9,22.4,6.1,4.1,15.1,20.4,111.3,2019-20
20,Philadelphia 76ers*,73,241.0,41.1,87.9,.468,11.6,31.6,.368,29.5,56.3,.524,16.9,22.4,.755,10.5,35.0,45.4,25.8,8.0,5.3,14.2,20.9,110.7,2019-20
Rk,Team,G,MP,FG,FGA,FG%,3P,3PA,3P%,2P,2PA,2P%,FT,FTA,FT%,ORB,DRB,TRB,AST,STL,BLK,TOV,PF,PTS,2019-20
21,Oklahoma City Thunder*,72,242.1,40.0,85.5,.468,10.7,30.2,.355,29.3,55.3,.529,19.8,24.8,.796,8.2,34.7,42.9,21.7,7.6,4.9,13.7,19.3,110.4,2019-20
22,Sacramento Kings,72,242.4,40.9,88.4,.462,12.7,34.9,.364,28.2,53.5,.527,15.7,20.3,.770,9.7,32.9,42.6,23.8,7.7,4.1,14.5,22.2,110.1,2019-20
23,Indiana Pacers*,73,241.4,42.1,88.5,.476,10.2,28.0,.363,31.9,60.4,.529,15.0,19.1,.787,8.7,34.1,42.8,25.9,7.4,5.2,13.2,19.8,109.4,2019-20
24,Orlando Magic*,73,240.7,39.3,88.6,.444,11.1,32.2,.343,28.3,56.4,.502,17.6,22.7,.774,10.3,34.2,44.5,23.9,8.2,5.4,12.8,18.3,107.3,2019-20
25,Detroit Pistons,66,241.9,39.3,85.7,.459,12.0,32.7,.367,27.3,53.0,.515,16.6,22.4,.743,9.8,32.0,41.7,24.1,7.4,4.5,15.3,19.7,107.2,2019-20
26,Cleveland Cavaliers,65,241.9,40.3,87.9,.458,11.2,31.8,.351,29.1,56.1,.519,15.1,19.9,.758,10.8,33.4,44.2,23.1,6.9,3.2,16.5,18.3,106.9,2019-20
27,Chicago Bulls,65,241.2,39.6,88.6,.447,12.2,35.1,.348,27.4,53.5,.511,15.5,20.5,.755,10.5,31.4,41.9,23.2,10.0,4.1,15.5,21.8,106.8,2019-20
28,Golden State Warriors,65,241.9,38.6,88.2,.438,10.4,31.3,.334,28.2,56.9,.495,18.7,23.2,.803,10.0,32.9,42.8,25.6,8.2,4.6,14.9,20.1,106.3,2019-20
29,New York Knicks,66,241.9,40.0,89.3,.447,9.6,28.4,.337,30.4,61.0,.499,16.3,23.5,.694,12.0,34.5,46.5,22.1,7.6,4.7,14.3,22.2,105.8,2019-20
30,Charlotte Hornets,65,242.3,37.3,85.9,.434,12.1,34.3,.352,25.2,51.6,.489,16.2,21.6,.748,11.0,31.8,42.8,23.8,6.6,4.1,14.6,18.8,102.9,2019-20
1,Milwaukee Bucks*,72,240.7,44.7,91.8,.487,14.4,37.1,.389,30.3,54.7,.554,16.2,21.4,.760,10.3,37.8,48.1,25.5,8.1,4.6,13.8,17.3,120.1,2020-21
2,Brooklyn Nets*,72,241.7,43.1,87.3,.494,14.2,36.1,.392,29.0,51.2,.565,18.1,22.5,.804,8.9,35.5,44.4,26.8,6.7,5.3,13.5,19.0,118.6,2020-21
3,Washington Wizards*,72,241.7,43.2,90.9,.475,10.2,29.0,.351,33.0,61.9,.533,20.1,26.2,.769,9.7,35.5,45.2,25.5,7.3,4.1,14.4,21.6,116.6,2020-21
4,Utah Jazz*,72,241.0,41.3,88.1,.468,16.7,43.0,.389,24.5,45.1,.544,17.2,21.5,.799,10.6,37.6,48.3,23.7,6.6,5.2,14.2,18.5,116.4,2020-21
5,Portland Trail Blazers*,72,240.3,41.3,91.1,.453,15.7,40.8,.385,25.6,50.3,.509,17.8,21.6,.823,10.6,33.9,44.5,21.3,6.9,5.0,11.1,18.9,116.1,2020-21
6,Phoenix Suns*,72,242.8,43.3,88.3,.490,13.1,34.6,.378,30.3,53.7,.563,15.6,18.7,.834,8.8,34.2,42.9,26.9,7.2,4.3,12.5,19.1,115.3,2020-21
7,Indiana Pacers,72,242.4,43.3,91.2,.474,12.3,34.0,.364,30.9,57.3,.540,16.4,20.7,.792,9.0,33.7,42.7,27.4,8.5,6.4,13.5,20.2,115.3,2020-21
8,Denver Nuggets*,72,242.8,43.3,89.2,.485,12.9,34.2,.377,30.4,55.0,.552,15.7,19.5,.803,10.5,33.9,44.4,26.8,8.1,4.5,13.5,19.1,115.1,2020-21
9,New Orleans Pelicans,72,242.1,42.5,89.1,.477,10.6,30.4,.348,31.9,58.6,.544,19.0,26.1,.729,11.7,35.7,47.4,26.0,7.6,4.4,14.6,18.0,114.6,2020-21
10,Los Angeles Clippers*,72,240.0,41.8,86.7,.482,14.3,34.7,.411,27.5,52.0,.529,16.2,19.3,.839,9.4,34.7,44.2,24.4,7.1,4.1,13.2,19.2,114.0,2020-21
Rk,Team,G,MP,FG,FGA,FG%,3P,3PA,3P%,2P,2PA,2P%,FT,FTA,FT%,ORB,DRB,TRB,AST,STL,BLK,TOV,PF,PTS,2020-21
11,Atlanta Hawks*,72,241.7,40.8,87.2,.468,12.4,33.4,.373,28.4,53.9,.526,19.7,24.2,.812,10.6,35.1,45.6,24.1,7.0,4.8,13.2,19.3,113.7,2020-21
12,Sacramento Kings,72,240.3,42.6,88.6,.481,12.1,33.3,.364,30.5,55.3,.551,16.4,22.0,.745,9.4,32.0,41.4,25.5,7.5,5.0,13.4,19.4,113.7,2020-21
13,Golden State Warriors,72,240.3,41.3,88.2,.468,14.6,38.7,.376,26.7,49.4,.541,16.6,21.1,.785,8.0,35.1,43.0,27.7,8.2,4.8,15.0,21.2,113.7,2020-21
14,Philadelphia 76ers*,72,242.1,41.4,86.9,.476,11.3,30.1,.374,30.1,56.8,.531,19.6,25.5,.767,10.0,35.0,45.1,23.7,9.1,6.2,14.4,20.2,113.6,2020-21
15,Memphis Grizzlies*,72,241.7,42.8,91.8,.467,11.2,31.4,.356,31.7,60.4,.525,16.4,21.3,.771,11.2,35.3,46.5,26.9,9.1,5.1,13.3,18.7,113.3,2020-21
16,Boston Celtics*,72,241.4,41.5,88.9,.466,13.6,36.4,.374,27.9,52.5,.530,16.1,20.8,.775,10.6,33.6,44.3,23.5,7.7,5.3,14.1,20.4,112.6,2020-21
17,Dallas Mavericks*,72,240.3,41.1,87.3,.470,13.8,38.1,.362,27.3,49.2,.554,16.5,21.2,.778,9.1,34.2,43.3,22.9,6.3,4.3,12.1,19.4,112.4,2020-21
18,Minnesota Timberwolves,72,241.7,40.7,90.9,.448,13.1,37.6,.349,27.6,53.3,.518,17.6,23.1,.761,10.5,33.0,43.5,25.6,8.8,5.5,14.3,20.9,112.1,2020-21
19,Toronto Raptors,72,240.3,39.7,88.7,.448,14.5,39.3,.368,25.3,49.3,.512,17.4,21.3,.815,9.4,32.1,41.6,24.1,8.6,5.4,13.2,21.2,111.3,2020-21
20,San Antonio Spurs,72,242.8,41.9,90.5,.462,9.9,28.4,.350,31.9,62.1,.514,17.4,22.0,.792,9.3,34.6,43.9,24.4,7.0,5.1,11.4,18.0,111.1,2020-21
Rk,Team,G,MP,FG,FGA,FG%,3P,3PA,3P%,2P,2PA,2P%,FT,FTA,FT%,ORB,DRB,TRB,AST,STL,BLK,TOV,PF,PTS,2020-21
21,Chicago Bulls,72,241.4,42.2,88.6,.476,12.6,34.0,.370,29.6,54.6,.542,13.8,17.5,.791,9.6,35.3,45.0,26.8,6.7,4.2,15.1,18.9,110.7,2020-21
22,Los Angeles Lakers*,72,242.4,40.6,86.1,.472,11.1,31.2,.354,29.6,54.8,.539,17.2,23.3,.739,9.7,34.6,44.2,24.7,7.8,5.4,15.2,19.1,109.5,2020-21
23,Charlotte Hornets,72,241.0,39.9,87.8,.455,13.7,37.0,.369,26.3,50.8,.517,15.9,20.9,.761,10.6,33.2,43.8,26.8,7.8,4.8,14.8,18.0,109.5,2020-21
24,Houston Rockets,72,240.3,39.3,88.5,.444,13.8,40.6,.339,25.5,47.9,.532,16.5,22.3,.740,9.3,33.3,42.6,23.6,7.6,5.0,14.7,19.5,108.8,2020-21
25,Miami Heat*,72,241.4,39.2,83.7,.468,12.9,36.2,.358,26.3,47.5,.553,16.7,21.1,.790,8.0,33.5,41.5,26.3,7.9,4.0,14.1,18.9,108.1,2020-21
26,New York Knicks*,72,242.1,39.4,86.5,.456,11.8,30.0,.392,27.7,56.4,.490,16.4,20.9,.784,9.7,35.5,45.1,21.4,7.0,5.1,12.9,20.5,107.0,2020-21
27,Detroit Pistons,72,242.1,38.7,85.6,.452,11.6,32.9,.351,27.1,52.7,.515,17.8,23.4,.759,9.6,33.1,42.7,24.2,7.4,5.2,14.9,20.5,106.6,2020-21
28,Oklahoma City Thunder,72,241.0,38.8,88.0,.441,11.9,35.1,.339,26.9,52.9,.509,15.5,21.3,.725,9.9,35.7,45.6,22.1,7.0,4.4,16.1,18.1,105.0,2020-21
29,Orlando Magic,72,240.7,38.3,89.2,.429,10.9,31.8,.343,27.4,57.4,.476,16.6,21.4,.775,10.4,35.1,45.4,21.8,6.9,4.4,12.8,17.2,104.0,2020-21
30,Cleveland Cavaliers,72,242.1,38.6,85.8,.450,10.0,29.7,.336,28.6,56.0,.510,16.7,22.4,.743,10.4,32.3,42.8,23.8,7.8,4.5,15.5,18.2,103.8,2020-21
1,Minnesota Timberwolves*,82,241.2,41.6,91.0,.457,14.8,41.3,.358,26.8,49.7,.540,18.0,23.1,.778,11.2,32.9,44.2,25.7,8.8,5.6,14.3,21.8,115.9,2021-22
2,Memphis Grizzlies*,82,241.2,43.5,94.4,.461,11.5,32.7,.353,32.0,61.7,.519,17.0,23.1,.734,14.1,35.0,49.2,26.0,9.8,6.5,13.2,19.8,115.6,2021-22
3,Milwaukee Bucks*,82,240.9,41.8,89.4,.468,14.1,38.4,.366,27.8,51.0,.544,17.8,22.9,.776,10.2,36.5,46.7,23.9,7.6,4.0,13.4,18.2,115.5,2021-22
4,Charlotte Hornets,82,242.4,42.8,91.4,.468,13.9,38.2,.365,28.8,53.3,.542,15.8,21.4,.740,10.8,33.7,44.6,28.1,8.6,4.9,13.3,19.9,115.3,2021-22
5,Phoenix Suns*,82,240.6,43.7,90.1,.485,11.6,31.9,.364,32.1,58.2,.551,15.9,19.9,.797,9.8,35.5,45.3,27.4,8.6,4.4,12.9,19.9,114.8,2021-22
6,Atlanta Hawks*,82,240.3,41.5,88.3,.470,12.9,34.4,.374,28.6,53.9,.531,18.1,22.3,.812,10.0,33.9,44.0,24.6,7.2,4.2,11.9,18.7,113.9,2021-22
7,Utah Jazz*,82,240.6,40.6,86.2,.471,14.5,40.3,.360,26.0,45.8,.568,17.9,23.4,.767,10.8,35.6,46.3,22.4,7.2,4.9,14.0,18.9,113.6,2021-22
8,San Antonio Spurs,82,241.5,43.2,92.7,.467,11.3,32.0,.352,32.0,60.7,.527,15.4,20.4,.754,11.0,34.3,45.3,27.9,7.6,4.9,12.7,18.1,113.2,2021-22
9,Brooklyn Nets*,82,240.9,42.0,88.4,.475,11.5,31.7,.361,30.5,56.7,.538,17.5,21.7,.805,10.3,34.1,44.4,25.3,7.1,5.5,14.1,20.4,112.9,2021-22
10,Denver Nuggets*,82,241.5,41.7,86.3,.483,12.7,35.9,.353,29.0,50.4,.575,16.7,21.0,.795,9.2,34.9,44.1,27.8,7.2,3.7,14.5,20.0,112.7,2021-22
Rk,Team,G,MP,FG,FGA,FG%,3P,3PA,3P%,2P,2PA,2P%,FT,FTA,FT%,ORB,DRB,TRB,AST,STL,BLK,TOV,PF,PTS,2021-22
11,Los Angeles Lakers,82,243.7,41.6,88.8,.469,12.0,34.5,.347,29.7,54.3,.546,16.8,23.0,.732,9.5,34.5,44.0,24.0,7.6,5.2,14.5,20.2,112.1,2021-22
12,Boston Celtics*,82,242.7,40.7,87.4,.466,13.2,37.1,.356,27.5,50.3,.547,17.0,20.9,.816,10.5,35.5,46.1,24.8,7.2,5.8,13.6,18.5,111.8,2021-22
13,Chicago Bulls*,82,240.6,41.7,86.9,.480,10.6,28.8,.369,31.1,58.1,.535,17.5,21.5,.813,8.7,33.7,42.3,23.9,7.1,4.1,12.8,18.8,111.6,2021-22
14,Indiana Pacers,82,242.4,41.4,89.5,.463,12.2,35.4,.344,29.3,54.1,.541,16.4,21.4,.768,11.3,32.6,43.9,25.4,7.1,5.6,14.4,20.4,111.5,2021-22
15,Golden State Warriors*,82,240.6,40.5,86.4,.469,14.3,39.4,.364,26.2,47.0,.557,15.6,20.3,.769,9.8,35.7,45.5,27.1,8.8,4.5,14.9,21.0,111.0,2021-22
16,Sacramento Kings,82,241.5,40.5,88.1,.460,11.4,33.2,.344,29.1,54.9,.530,17.9,23.3,.768,9.6,33.4,42.9,23.7,7.2,4.5,14.1,18.9,110.3,2021-22
17,Miami Heat*,82,242.1,39.6,84.8,.467,13.6,35.8,.379,26.0,49.0,.531,17.3,21.4,.808,9.8,33.9,43.7,25.5,7.4,3.2,14.6,20.5,110.0,2021-22
18,Philadelphia 76ers*,82,241.5,39.4,84.5,.466,11.6,31.8,.364,27.8,52.7,.527,19.6,23.8,.821,8.5,33.8,42.3,23.7,7.7,5.3,12.5,19.4,109.9,2021-22
19,Houston Rockets,82,240.9,39.4,86.4,.456,13.5,38.7,.349,25.9,47.7,.543,17.5,24.5,.713,9.6,32.4,42.0,23.6,7.3,4.7,16.5,20.6,109.7,2021-22
20,Toronto Raptors*,82,242.1,40.6,91.3,.445,11.9,34.2,.349,28.7,57.1,.503,16.2,21.3,.759,13.4,32.0,45.3,22.1,9.0,4.6,12.5,19.6,109.4,2021-22
Rk,Team,G,MP,FG,FGA,FG%,3P,3PA,3P%,2P,2PA,2P%,FT,FTA,FT%,ORB,DRB,TRB,AST,STL,BLK,TOV,PF,PTS,2021-22
21,New Orleans Pelicans*,82,240.9,40.2,88.0,.457,10.6,32.1,.332,29.5,55.9,.528,18.3,23.2,.789,12.0,33.2,45.2,25.0,8.3,4.0,14.1,19.7,109.3,2021-22
22,Washington Wizards,82,241.8,40.6,86.0,.472,10.5,30.6,.342,30.1,55.4,.543,17.0,21.7,.783,9.0,34.1,43.1,25.0,6.4,5.0,13.1,18.8,108.6,2021-22
23,Los Angeles Clippers,82,241.2,40.1,87.4,.458,12.8,34.2,.374,27.3,53.3,.512,15.5,19.6,.793,9.1,34.9,44.0,24.0,7.4,5.0,13.7,18.6,108.4,2021-22
24,Dallas Mavericks*,82,240.9,39.3,85.1,.461,13.1,37.4,.350,26.2,47.8,.548,16.4,21.2,.771,9.3,33.8,43.0,23.4,6.7,4.0,12.5,19.7,108.0,2021-22
25,Cleveland Cavaliers,82,240.6,39.7,84.6,.469,11.6,32.8,.355,28.1,51.9,.541,16.8,22.1,.760,10.2,34.0,44.2,25.2,7.1,4.2,14.4,17.5,107.8,2021-22
26,New York Knicks,82,241.2,37.7,86.2,.437,13.2,36.9,.357,24.5,49.3,.497,18.0,24.1,.744,11.5,34.6,46.1,21.9,7.0,4.9,13.3,20.4,106.5,2021-22
27,Portland Trail Blazers,82,240.6,38.5,87.1,.442,12.7,36.8,.346,25.8,50.3,.513,16.4,21.6,.760,10.4,32.5,42.9,22.9,8.0,4.5,14.5,21.1,106.2,2021-22
28,Detroit Pistons,82,241.2,38.2,88.6,.431,11.3,34.6,.326,26.9,54.0,.498,17.2,22.0,.782,11.0,32.0,43.0,23.5,7.7,4.8,14.2,21.9,104.8,2021-22
29,Orlando Magic,82,241.2,38.3,88.3,.434,12.2,36.9,.331,26.1,51.4,.507,15.5,19.7,.787,9.1,35.2,44.3,23.7,6.8,4.5,14.5,19.7,104.2,2021-22
30,Oklahoma City Thunder,82,241.5,38.3,89.1,.430,12.1,37.4,.323,26.2,51.8,.507,15.0,19.9,.756,10.4,35.2,45.6,22.2,7.6,4.6,14.0,18.3,103.7,2021-22
1,Sacramento Kings*,82,241.8,43.6,88.2,.494,13.8,37.3,.369,29.8,50.9,.586,19.8,25.1,.790,9.5,32.9,42.5,27.3,7.0,3.4,13.5,19.7,120.7,2022-23
2,Golden State Warriors*,82,241.8,43.1,90.2,.479,16.6,43.2,.385,26.5,47.0,.564,16.0,20.2,.794,10.5,34.1,44.6,29.8,7.2,3.9,16.3,21.4,118.9,2022-23
3,Atlanta Hawks*,82,242.1,44.6,92.4,.483,10.8,30.5,.352,33.9,61.8,.548,18.5,22.6,.818,11.2,33.2,44.4,25.0,7.1,4.9,12.9,18.8,118.4,2022-23
4,Boston Celtics*,82,243.7,42.2,88.8,.475,16.0,42.6,.377,26.2,46.2,.567,17.5,21.6,.812,9.7,35.6,45.3,26.7,6.4,5.2,13.4,18.8,117.9,2022-23
5,Oklahoma City Thunder,82,242.1,43.1,92.6,.465,12.1,34.1,.356,31.0,58.5,.530,19.2,23.7,.809,11.4,32.3,43.6,24.4,8.2,4.2,13.0,21.0,117.5,2022-23
6,Los Angeles Lakers*,82,242.4,42.9,89.0,.482,10.8,31.2,.346,32.1,57.8,.555,20.6,26.6,.775,10.0,35.7,45.7,25.3,6.4,4.6,14.1,17.9,117.2,2022-23
7,Utah Jazz,82,241.5,42.5,89.8,.473,13.3,37.8,.353,29.2,52.0,.560,18.7,23.8,.786,11.8,34.1,45.9,26.0,6.1,5.2,15.4,20.5,117.1,2022-23
8,Memphis Grizzlies*,82,241.2,43.7,92.1,.475,12.0,34.2,.351,31.7,57.9,.548,17.5,23.8,.733,12.0,34.6,46.6,26.0,8.3,5.8,13.6,20.0,116.9,2022-23
9,Milwaukee Bucks*,82,241.8,42.7,90.4,.473,14.8,40.3,.368,27.9,50.1,.557,16.6,22.4,.743,11.1,37.5,48.6,25.8,6.4,4.9,14.6,18.1,116.9,2022-23
10,Indiana Pacers,82,240.9,42.0,89.6,.469,13.6,37.0,.367,28.4,52.6,.540,18.7,23.7,.790,10.1,31.4,41.5,27.0,7.7,5.8,14.9,21.2,116.3,2022-23
Rk,Team,G,MP,FG,FGA,FG%,3P,3PA,3P%,2P,2PA,2P%,FT,FTA,FT%,ORB,DRB,TRB,AST,STL,BLK,TOV,PF,PTS,2022-23
11,New York Knicks*,82,243.4,42.0,89.4,.470,12.6,35.7,.354,29.4,53.6,.547,19.4,25.5,.761,12.6,34.0,46.6,22.9,6.4,4.1,13.0,20.3,116.0,2022-23
12,Denver Nuggets*,82,240.9,43.6,86.4,.504,11.8,31.2,.379,31.8,55.2,.575,16.8,22.4,.751,10.1,32.9,43.0,28.9,7.5,4.5,14.5,18.6,115.8,2022-23
13,Minnesota Timberwolves*,82,241.8,42.9,87.4,.490,12.2,33.3,.365,30.7,54.1,.568,17.9,23.7,.755,9.1,32.8,41.9,26.2,8.0,5.4,15.3,21.6,115.8,2022-23
14,Philadelphia 76ers*,82,242.4,40.8,83.8,.487,12.6,32.6,.387,28.2,51.2,.551,21.0,25.1,.835,8.7,32.2,40.9,25.2,7.7,4.7,13.7,20.4,115.2,2022-23
15,New Orleans Pelicans,82,242.1,42.0,87.6,.480,11.0,30.1,.364,31.1,57.5,.541,19.3,24.4,.793,10.6,33.1,43.7,25.9,8.3,4.1,14.6,20.5,114.4,2022-23
16,Dallas Mavericks,82,243.0,40.0,84.3,.475,15.2,41.0,.371,24.8,43.3,.574,19.0,25.1,.755,7.6,31.2,38.8,22.9,6.3,3.7,12.2,20.7,114.2,2022-23
17,Phoenix Suns*,82,241.2,42.1,90.1,.467,12.2,32.6,.374,29.9,57.5,.520,17.2,21.7,.793,11.8,32.4,44.2,27.3,7.1,5.3,13.5,21.2,113.6,2022-23
18,Los Angeles Clippers*,82,241.8,41.1,86.1,.477,12.7,33.4,.381,28.4,52.7,.539,18.7,23.9,.781,9.8,33.4,43.2,23.9,7.1,4.4,14.2,19.5,113.6,2022-23
19,Portland Trail Blazers,82,240.6,40.5,85.4,.474,12.9,35.3,.365,27.6,50.1,.550,19.6,24.6,.796,9.4,31.1,40.5,24.2,6.7,4.6,14.5,20.0,113.4,2022-23
20,Brooklyn Nets*,82,240.6,41.5,85.1,.487,12.8,33.8,.378,28.7,51.3,.559,17.7,22.1,.800,8.2,32.3,40.5,25.5,7.1,6.2,13.7,21.1,113.4,2022-23
Rk,Team,G,MP,FG,FGA,FG%,3P,3PA,3P%,2P,2PA,2P%,FT,FTA,FT%,ORB,DRB,TRB,AST,STL,BLK,TOV,PF,PTS,2022-23
21,Washington Wizards,82,240.9,42.1,86.9,.485,11.3,31.7,.356,30.9,55.2,.559,17.6,22.4,.785,9.4,34.2,43.6,25.4,6.8,5.2,14.1,18.8,113.2,2022-23
22,Chicago Bulls,82,242.7,42.5,86.8,.490,10.4,28.9,.361,32.1,57.9,.555,17.6,21.8,.809,8.5,33.9,42.4,24.5,7.9,4.5,13.4,18.9,113.1,2022-23
23,San Antonio Spurs,82,242.1,43.1,92.6,.465,11.1,32.2,.345,32.0,60.4,.529,15.8,21.2,.743,11.8,31.9,43.7,27.2,7.0,3.9,15.3,19.9,113.0,2022-23
24,Toronto Raptors,82,241.5,41.9,91.3,.459,10.7,32.0,.335,31.1,59.3,.525,18.4,23.4,.784,12.7,30.3,43.0,23.9,9.4,5.2,11.7,20.0,112.9,2022-23
25,Cleveland Cavaliers*,82,242.4,41.6,85.2,.488,11.6,31.6,.367,30.0,53.6,.559,17.5,22.5,.780,9.7,31.4,41.1,24.9,7.1,4.7,13.3,19.0,112.3,2022-23
26,Orlando Magic,82,241.2,40.5,86.3,.470,10.8,31.1,.346,29.8,55.2,.539,19.6,25.0,.784,10.2,33.1,43.2,23.2,7.4,4.7,15.1,20.1,111.4,2022-23
27,Charlotte Hornets,82,241.8,41.3,90.4,.457,10.7,32.5,.330,30.5,57.9,.528,17.6,23.6,.749,11.0,33.5,44.5,25.1,7.7,5.2,14.2,20.3,111.0,2022-23
28,Houston Rockets,82,240.9,40.6,88.9,.457,10.4,31.9,.327,30.2,56.9,.530,19.1,25.3,.754,13.4,32.9,46.3,22.4,7.3,4.6,16.2,20.5,110.7,2022-23
29,Detroit Pistons,82,241.5,39.6,87.1,.454,11.4,32.4,.351,28.2,54.6,.516,19.8,25.7,.771,11.2,31.3,42.4,23.0,7.0,3.8,15.1,22.1,110.3,2022-23
30,Miami Heat*,82,241.5,39.2,85.3,.460,12.0,34.8,.344,27.3,50.5,.540,19.1,23.0,.831,9.7,30.9,40.6,23.8,8.0,3.0,13.5,18.5,109.5,2022-23
1,Indiana Pacers*,82,240.3,47.0,92.7,.507,13.2,35.3,.374,33.8,57.4,.589,16.1,20.5,.782,10.1,31.4,41.5,30.8,7.7,5.9,12.9,21.4,123.3,2023-24
2,Boston Celtics*,82,241.8,43.9,90.2,.487,16.5,42.5,.388,27.4,47.7,.575,16.3,20.2,.807,10.7,35.6,46.3,26.9,6.8,6.6,11.9,16.2,120.6,2023-24
3,Oklahoma City Thunder*,82,241.5,44.5,89.3,.499,13.3,34.2,.389,31.3,55.1,.567,17.7,21.5,.825,8.8,33.2,42.0,27.1,8.5,6.6,12.7,18.8,120.1,2023-24
4,Milwaukee Bucks*,82,241.5,43.1,88.5,.487,14.2,38.1,.373,29.0,50.4,.574,18.5,23.9,.774,9.4,34.8,44.2,26.5,6.8,5.0,12.9,19.2,119.0,2023-24
5,Atlanta Hawks,82,242.1,43.0,92.5,.465,13.7,37.7,.364,29.3,54.8,.535,18.5,23.2,.797,12.5,32.2,44.7,26.6,7.5,4.5,13.5,18.6,118.3,2023-24
6,Los Angeles Lakers*,82,242.1,43.7,87.5,.499,11.8,31.4,.377,31.8,56.2,.567,18.9,24.2,.782,8.2,34.9,43.1,28.5,7.4,5.5,14.0,15.6,118.0,2023-24
7,Dallas Mavericks*,82,240.3,43.1,89.7,.481,14.6,39.5,.369,28.5,50.1,.569,17.0,22.5,.758,9.7,33.2,42.9,25.7,6.9,5.0,12.5,18.3,117.9,2023-24
8,Golden State Warriors,82,241.8,43.7,91.6,.477,14.8,38.9,.380,28.9,52.7,.548,15.6,20.0,.780,12.1,34.6,46.7,29.3,7.0,4.6,14.3,19.5,117.8,2023-24
9,Sacramento Kings,82,242.1,43.3,90.9,.477,14.4,39.3,.366,29.0,51.7,.561,15.5,20.9,.745,10.8,33.2,44.0,28.3,7.6,4.2,13.1,19.9,116.6,2023-24
10,Phoenix Suns*,82,241.2,42.5,86.1,.493,12.4,32.6,.382,30.0,53.6,.561,18.9,23.4,.808,10.1,33.9,44.1,27.0,7.4,6.0,14.9,18.0,116.2,2023-24
Rk,Team,G,MP,FG,FGA,FG%,3P,3PA,3P%,2P,2PA,2P%,FT,FTA,FT%,ORB,DRB,TRB,AST,STL,BLK,TOV,PF,PTS,2023-24
11,Utah Jazz,82,241.5,42.0,89.9,.467,12.9,36.5,.354,29.1,53.4,.544,18.8,22.6,.830,12.2,33.2,45.5,27.2,6.5,5.6,15.7,18.6,115.7,2023-24
12,Los Angeles Clippers*,82,240.3,42.4,86.7,.489,12.6,33.2,.381,29.7,53.5,.555,18.3,22.2,.825,10.0,32.9,43.0,25.6,7.8,5.0,13.1,18.5,115.6,2023-24
13,New Orleans Pelicans*,82,240.3,42.5,87.4,.486,12.5,32.6,.383,30.0,54.8,.548,17.6,22.8,.771,10.4,33.6,44.0,27.0,8.3,4.6,13.0,18.4,115.1,2023-24
14,Denver Nuggets*,82,240.3,44.0,88.8,.496,11.7,31.2,.374,32.3,57.5,.562,15.1,19.9,.762,10.7,33.7,44.4,29.5,7.1,5.6,12.6,18.2,114.9,2023-24
15,Philadelphia 76ers*,82,241.2,41.5,89.4,.464,12.1,33.3,.363,29.4,56.1,.525,19.5,23.6,.826,11.0,31.9,43.0,24.9,8.5,6.0,12.0,20.3,114.6,2023-24
16,Houston Rockets,82,242.1,41.8,91.0,.459,12.7,36.1,.352,29.0,54.8,.530,18.1,23.4,.773,11.5,34.0,45.5,24.8,7.8,4.6,12.7,20.8,114.3,2023-24
17,Washington Wizards,82,240.6,43.0,91.4,.470,12.4,35.5,.348,30.6,55.8,.548,15.4,20.2,.764,9.2,31.9,41.1,27.9,7.6,5.1,14.0,20.0,113.7,2023-24
18,Minnesota Timberwolves*,82,241.5,41.3,85.0,.485,12.6,32.7,.387,28.6,52.4,.546,17.8,22.9,.777,9.4,34.2,43.6,26.6,7.9,6.1,14.2,18.8,113.0,2023-24
19,New York Knicks*,82,240.6,41.3,88.7,.465,13.2,35.8,.369,28.1,52.9,.531,17.0,21.8,.780,12.7,32.5,45.2,24.4,7.5,4.1,13.2,17.6,112.8,2023-24
20,Cleveland Cavaliers*,82,241.5,41.8,87.2,.479,13.5,36.8,.367,28.3,50.4,.561,15.6,20.4,.765,9.8,33.4,43.3,28.0,7.4,4.6,13.6,17.5,112.6,2023-24
Rk,Team,G,MP,FG,FGA,FG%,3P,3PA,3P%,2P,2PA,2P%,FT,FTA,FT%,ORB,DRB,TRB,AST,STL,BLK,TOV,PF,PTS,2023-24
21,Toronto Raptors,82,241.5,42.3,89.7,.471,11.5,33.1,.347,30.8,56.6,.543,16.3,21.6,.756,10.9,31.8,42.7,28.5,7.7,4.7,14.0,18.4,112.4,2023-24
22,Chicago Bulls,82,243.7,42.0,89.5,.470,11.5,32.1,.358,30.6,57.4,.532,16.7,21.1,.791,11.2,32.6,43.8,25.0,7.8,4.8,12.2,18.8,112.3,2023-24
23,San Antonio Spurs,82,241.8,41.9,90.7,.462,12.6,36.4,.347,29.3,54.3,.539,15.6,20.0,.782,10.4,33.9,44.2,29.9,7.1,6.3,15.1,17.2,112.1,2023-24
24,Orlando Magic*,82,241.2,40.5,84.9,.476,11.0,31.3,.352,29.5,53.6,.549,18.5,24.4,.759,10.5,31.8,42.3,24.7,8.2,5.2,14.7,19.7,110.5,2023-24
25,Brooklyn Nets,82,241.5,40.7,89.1,.456,13.3,36.7,.362,27.4,52.4,.522,15.8,20.9,.756,11.4,32.6,44.1,25.6,6.8,5.2,13.1,18.5,110.4,2023-24
26,Miami Heat*,82,240.9,39.8,85.6,.465,12.5,33.7,.370,27.4,51.9,.527,18.0,22.0,.818,9.3,33.0,42.3,25.8,7.5,3.4,12.7,17.3,110.1,2023-24
27,Detroit Pistons,82,240.9,40.9,88.2,.463,11.0,31.7,.348,29.8,56.5,.528,17.0,21.7,.785,10.5,32.8,43.3,25.5,6.5,4.7,15.2,20.6,109.9,2023-24
28,Charlotte Hornets,82,240.6,40.0,87.0,.460,12.1,34.0,.355,28.0,53.0,.528,14.5,18.4,.786,9.3,31.0,40.3,24.8,6.9,4.5,13.8,18.0,106.6,2023-24
29,Portland Trail Blazers,82,242.4,39.4,89.7,.439,11.5,33.2,.345,27.9,56.5,.494,16.2,20.5,.791,12.6,30.1,42.7,23.1,7.6,4.3,15.2,20.2,106.4,2023-24
30,Memphis Grizzlies,82,241.2,38.4,88.2,.435,13.1,37.8,.346,25.3,50.4,.502,16.0,21.0,.764,10.9,31.7,42.6,24.7,8.2,6.1,15.1,19.1,105.8,2023-24
